movimiento_id,buque_id,matricula,radar_id,muelle,tipo_carga,origen,fecha_ingreso,hora_ingreso,fecha_egreso,hora_egreso,tonelaje_declarado,velocidad_ingreso,velocidad_maxima_muelle,estado_despacho,datetime_ingreso,datetime_egreso,duracion_horas,exceso_velocidad_real,exceso_velocidad
MOV-00005,B-017,ONE-PLATA,R-03,MUELLE-E,SOJA,VALPARAISO,2024-05-13,16:58,2024-05-13,02:16,6166.47,16.2,15,PENDIENTE,2024-05-13 16:58:00,2024-05-13 02:16:00,-14.7,1.1999999999999993,0.4499999999999993
MOV-00012,B-023,ONE-PARANA,R-04,MUELLE-F,SOJA,SHANGHAI,1900-01-01,05:51,2024-11-06,01:51,6969.71,11.2,10,RECHAZADO,,2024-11-06 01:51:00,,1.1999999999999993,0.6999999999999993
MOV-00013,B-015,ZIM-DELTA,R-01,MUELLE-F,TRIGO,ROTTERDAM,2021-12-20,20:32,2021-12-23,05:43,4918.63,13.1,12,EN_REVISION,2021-12-20 20:32:00,2021-12-23 05:43:00,57.18333333333333,1.0999999999999996,0.4999999999999982
MOV-00014,B-003,MAERSK-PAMPAS,,MUELLE-E,TRIGO,SHANGHAI,2023-06-30,10:42,2023-07-01,19:13,6604.27,13.9,12,RECHAZADO,2023-06-30 10:42:00,2023-07-01 19:13:00,32.516666666666666,1.9000000000000004,1.299999999999999
MOV-00016,B-032,COSCO-TIGRE,R-04,MUELLE-B,GRANOS,BUENOS AIRES,2022-11-26,14:03,2022-11-28,02:49,5421.5,17.3,15,RECHAZADO,2022-11-26 14:03:00,2022-11-28 02:49:00,36.766666666666666,2.3000000000000007,1.5500000000000007
MOV-00017,B-016,PIL-SANTA,R-08,MUELLE-F,TRIGO,VALPARAISO,2021-11-18,10:57,2021-11-19,18:54,5870.05,13.2,12,,2021-11-18 10:57:00,2021-11-19 18:54:00,31.95,1.1999999999999993,0.5999999999999979
MOV-00018,B-023,YANG-MING,R-07,MUELLE-D,TRIGO,HAMBURG,2021-11-19,21:43,2021-11-22,00:22,4801.28,15.4,12,PENDIENTE,2021-11-19 21:43:00,2021-11-22 00:22:00,50.65,3.4000000000000004,2.799999999999999
MOV-00026,B-006,YANG-ESTE,R-01,MUELLE-D,ACEITE,VALPARAISO,2023-04-17,00:48,2023-04-18,00:00,7576.43,16.2,15,DESPACHADO,2023-04-17 00:48:00,,,1.1999999999999993,0.4499999999999993
MOV-00027,B-026,ZIM-NORTE,R-01,MUELLE-D,SOJA,SHANGHAI,2024-11-06,16:52,2024-11-06,19:10,3586.83,19.1,12,EN_REVISION,2024-11-06 16:52:00,2024-11-06 19:10:00,2.3,7.100000000000001,6.5
MOV-00029,B-033,PIL-SANTA,R-01,MUELLE-C,HARINA,HAMBURG,2023-02-04,17:24,2023-02-07,03:49,3696.06,13.1,12,PENDIENTE,2023-02-04 17:24:00,2023-02-07 03:49:00,58.41666666666666,1.0999999999999996,0.4999999999999982
MOV-00031,B-028,MAERSK-LIMA,R-02,MUELLE-D,MAIZ,VALPARAISO,2022-01-04,11:27,2022-01-05,01:21,7051.4,13.5,12,DESPACHADO,2022-01-04 11:27:00,2022-01-05 01:21:00,13.9,1.5,0.8999999999999986
MOV-00035,B-020,MAERSK-PAMPAS,R-02,MUELLE-B,GRANOS,SANTA FE,2024-12-22,17:08,2024-12-24,21:41,,12.0,10,EN_REVISION,2024-12-22 17:08:00,2024-12-24 21:41:00,52.55,2.0,1.5
MOV-00040,B-014,CMA-ROSARIO,R-08,MUELLE-B,SOJA,SHANGHAI,2024-07-11,13:54,2024-07-11,07:21,5727.86,13.6,10,EN_REVISION,2024-07-11 13:54:00,2024-07-11 07:21:00,-6.55,3.6,3.1
MOV-00045,B-013,MSC-ALPHA,R-08,MUELLE-E,MAIZ,SANTA FE,2024-01-02,02:32,2024-01-03,16:59,7045.67,15.9,12,RECHAZADO,2024-01-02 02:32:00,2024-01-03 16:59:00,38.45,3.9,3.299999999999999
MOV-00046,B-017,YANG-ESTE,R-03,MUELLE-C,SOJA,MONTEVIDEO,2022-03-13,04:38,2022-03-13,04:59,4352.23,16.1,15,EN_REVISION,2022-03-13 04:38:00,2022-03-13 04:59:00,0.35,1.1000000000000014,0.3500000000000014
MOV-00051,B-025,EVERGREEN-02,R-05,MUELLE-F,GRANOS,SHANGHAI,2020-07-31,18:47,2020-08-02,14:51,,16.0,15,DESPACHADO,2020-07-31 18:47:00,2020-08-02 14:51:00,44.06666666666667,1.0,0.25
MOV-00053,B-019,MSC-ALPHA,R-02,MUELLE-A,ACEITE,VALPARAISO,2023-11-13,14:22,2023-11-16,06:21,3200.68,13.6,10,EN_REVISION,2023-11-13 14:22:00,2023-11-16 06:21:00,63.98333333333333,3.6,3.1
MOV-00056,B-020,COSCO-TIGRE,R-08,MUELLE-E,CONTENEDORES,ROTTERDAM,2022-07-10,14:43,2022-07-13,23:39,5739.47,13.9,10,DESPACHADO,2022-07-10 14:43:00,2022-07-13 23:39:00,80.93333333333334,3.9,3.4000000000000004
MOV-00062,B-010,ZIM-DELTA,R-01,MUELLE-E,SOJA,SAO PAULO,2023-11-15,06:26,2023-11-18,21:09,3834.7,13.1,12,DESPACHADO,2023-11-15 06:26:00,2023-11-18 21:09:00,86.71666666666667,1.0999999999999996,0.4999999999999982
MOV-00063,B-017,YANG-ESTE,,MUELLE-B,TRIGO,VALPARAISO,2024-04-28,09:45,2024-04-29,00:00,5506.97,20.0,12,EN_REVISION,2024-04-28 09:45:00,,,8.0,7.399999999999999
MOV-00065,B-004,COSCO-STAR,R-04,MUELLE-E,GRANOS,MONTEVIDEO,2024-09-08,12:50,2024-09-11,11:19,5551.09,10.7,10,RECHAZADO,2024-09-08 12:50:00,2024-09-11 11:19:00,70.48333333333333,0.6999999999999993,0.1999999999999993
MOV-00068,B-037,MAERSK-LIMA,,MUELLE-E,TRIGO,MONTEVIDEO,2023-10-25,06:45,2023-10-28,22:57,4314.36,15.2,10,PENDIENTE,2023-10-25 06:45:00,2023-10-28 22:57:00,88.2,5.199999999999999,4.699999999999999
MOV-00072,B-015,YANG-MING,R-03,MUELLE-D,GRANOS,ROTTERDAM,2021-06-06,06:21,2021-06-06,03:44,4397.33,11.4,10,RECHAZADO,2021-06-06 06:21:00,2021-06-06 03:44:00,-2.6166666666666667,1.4000000000000004,0.9000000000000004
MOV-00074,B-038,PIL-OESTE,,MUELLE-C,MAIZ,SAO PAULO,2022-10-19,17:41,2022-10-21,00:25,5195.16,15.9,10,EN_REVISION,2022-10-19 17:41:00,2022-10-21 00:25:00,30.73333333333333,5.9,5.4
MOV-00081,B-021,HAPAG-RIO,R-07,MUELLE-C,HARINA,HAMBURG,2022-01-17,03:59,2022-01-18,00:00,4553.31,14.2,12,PENDIENTE,2022-01-17 03:59:00,,,2.2,1.599999999999998
MOV-00085,B-032,ONE-PLATA,R-06,MUELLE-E,CONTENEDORES,ROTTERDAM,2020-12-19,21:45,2020-12-21,00:00,3661.36,16.7,15,DESPACHADO,2020-12-19 21:45:00,,,1.6999999999999993,0.9499999999999992
MOV-00088,B-011,YANG-ESTE,R-03,MUELLE-B,TRIGO,SANTA FE,2021-10-24,22:18,2021-10-26,15:18,3415.63,11.2,10,EN_REVISION,2021-10-24 22:18:00,2021-10-26 15:18:00,41.0,1.1999999999999993,0.6999999999999993
MOV-00089,B-026,HAPAG-SUR,R-03,MUELLE-E,HARINA,ROTTERDAM,2022-04-05,16:47,2022-04-07,18:29,3376.24,13.3,10,RECHAZADO,2022-04-05 16:47:00,2022-04-07 18:29:00,49.7,3.3000000000000007,2.8000000000000007
MOV-00097,B-024,MAERSK-LIMA,,MUELLE-B,TRIGO,SANTA FE,1900-01-01,09:20,2024-05-04,23:36,6218.43,13.4,12,RECHAZADO,,2024-05-04 23:36:00,,1.4000000000000004,0.7999999999999989
MOV-00098,B-023,MSC-GENOVA,R-06,MUELLE-A,CONTENEDORES,VALPARAISO,2022-10-04,01:09,2022-10-05,22:10,5952.49,20.2,12,DESPACHADO,2022-10-04 01:09:00,2022-10-05 22:10:00,45.016666666666666,8.2,7.599999999999998
MOV-00101,B-029,CMA-ROSARIO,R-02,MUELLE-C,SOJA,SANTA FE,2024-08-09,23:25,2024-08-12,21:51,7588.44,14.1,12,RECHAZADO,2024-08-09 23:25:00,2024-08-12 21:51:00,70.43333333333334,2.1,1.4999999999999982
MOV-00102,B-013,ONE-PLATA,R-04,MUELLE-F,GRANOS,ROTTERDAM,1900-01-01,16:20,2023-03-06,19:52,2924.29,12.7,12,EN_REVISION,,2023-03-06 19:52:00,,0.6999999999999993,0.0999999999999978
MOV-00108,B-019,COSCO-STAR,R-08,MUELLE-A,HARINA,ROTTERDAM,2023-08-07,17:24,2023-08-08,17:21,3238.98,12.3,10,RECHAZADO,2023-08-07 17:24:00,2023-08-08 17:21:00,23.95,2.3000000000000007,1.8000000000000007
MOV-00110,B-005,COSCO-STAR,R-07,MUELLE-E,CONTENEDORES,SHANGHAI,2024-05-29,22:39,2024-06-01,22:57,2342.09,11.2,10,EN_REVISION,2024-05-29 22:39:00,2024-06-01 22:57:00,72.3,1.1999999999999993,0.6999999999999993
MOV-00112,B-014,MAERSK-PAMPAS,R-08,MUELLE-E,ACEITE,SANTA FE,2020-10-04,16:56,2020-10-04,01:16,6728.89,13.9,12,PENDIENTE,2020-10-04 16:56:00,2020-10-04 01:16:00,-15.666666666666666,1.9000000000000004,1.299999999999999
MOV-00113,B-031,PIL-OESTE,R-06,MUELLE-C,MAIZ,VALPARAISO,2024-10-14,00:00,2024-10-16,00:00,,14.9,10,DESPACHADO,,,,4.9,4.4
MOV-00116,B-036,HAPAG-RIO,R-06,MUELLE-F,SOJA,SAO PAULO,2024-06-02,10:23,2024-06-03,03:40,5405.43,18.0,12,EN_REVISION,2024-06-02 10:23:00,2024-06-03 03:40:00,17.283333333333335,6.0,5.399999999999999
MOV-00121,B-007,PIL-SANTA,R-04,MUELLE-D,HARINA,VALPARAISO,2024-10-11,00:00,2024-10-13,00:00,7090.14,13.7,10,RECHAZADO,,,,3.6999999999999993,3.2
MOV-00127,B-009,CMA-ROSARIO,R-07,MUELLE-E,HARINA,SHANGHAI,2023-11-07,11:58,2023-11-08,05:32,5509.85,16.0,12,PENDIENTE,2023-11-07 11:58:00,2023-11-08 05:32:00,17.566666666666666,4.0,3.3999999999999986
MOV-00128,B-034,MAERSK-LIMA,R-01,MUELLE-D,MAIZ,SANTA FE,2021-08-09,21:16,2021-08-10,12:04,5618.79,16.8,10,DESPACHADO,2021-08-09 21:16:00,2021-08-10 12:04:00,14.8,6.800000000000001,6.300000000000001
MOV-00133,B-008,ZIM-NORTE,R-01,MUELLE-F,SOJA,SANTA FE,2024-05-30,21:19,2024-05-31,04:04,4111.59,14.8,12,DESPACHADO,2024-05-30 21:19:00,2024-05-31 04:04:00,6.75,2.8000000000000007,2.2
MOV-00136,B-031,CMA-LITORAL,R-08,MUELLE-C,HARINA,HAMBURG,2024-10-24,04:57,2024-10-27,11:29,5737.11,15.7,12,DESPACHADO,2024-10-24 04:57:00,2024-10-27 11:29:00,78.53333333333333,3.6999999999999993,3.099999999999998
MOV-00137,B-026,ZIM-DELTA,R-05,MUELLE-B,MINERALES,BUENOS AIRES,2024-10-02,19:43,2024-10-03,18:48,4885.13,12.3,10,RECHAZADO,2024-10-02 19:43:00,2024-10-03 18:48:00,23.08333333333333,2.3000000000000007,1.8000000000000007
MOV-00140,B-026,YANG-ESTE,R-01,MUELLE-F,HARINA,BUENOS AIRES,2020-12-15,07:53,2020-12-17,00:00,1422.1,15.0,12,PENDIENTE,2020-12-15 07:53:00,,,3.0,2.3999999999999986
MOV-00142,B-019,YANG-ESTE,R-07,MUELLE-C,TRIGO,SANTA FE,2022-02-07,20:13,2022-02-09,00:13,4469.82,11.3,10,DESPACHADO,2022-02-07 20:13:00,2022-02-09 00:13:00,28.0,1.3000000000000007,0.8000000000000007
MOV-00143,B-037,EVERGREEN-02,R-07,MUELLE-F,MAIZ,BUENOS AIRES,2020-07-24,06:32,2020-07-26,09:21,3243.42,13.5,10,PENDIENTE,2020-07-24 06:32:00,2020-07-26 09:21:00,50.81666666666667,3.5,3.0
MOV-00145,B-005,COSCO-STAR,R-05,MUELLE-F,ACEITE,SHANGHAI,2022-04-07,18:00,2022-04-09,00:09,5457.35,19.6,12,EN_REVISION,2022-04-07 18:00:00,2022-04-09 00:09:00,30.15,7.600000000000001,7.0
MOV-00146,B-030,PIL-OESTE,R-01,MUELLE-D,SOJA,VALPARAISO,2023-10-18,22:14,2023-10-20,04:19,3433.59,15.6,10,DESPACHADO,2023-10-18 22:14:00,2023-10-20 04:19:00,30.08333333333333,5.6,5.1
MOV-00147,B-013,HAPAG-SUR,R-04,MUELLE-B,TRIGO,VALPARAISO,2021-12-30,00:00,2021-12-30,10:55,5296.73,17.6,15,PENDIENTE,,2021-12-30 10:55:00,,2.6000000000000014,1.8500000000000008
MOV-00149,B-024,EVERGREEN02,R-07,MUELLE-C,MINERALES,MONTEVIDEO,2024-01-16,08:51,2024-01-17,17:47,6811.06,11.4,10,PENDIENTE,2024-01-16 08:51:00,2024-01-17 17:47:00,32.93333333333333,1.4000000000000004,0.9000000000000004
MOV-00160,B-007,EVER-GLORY,R-07,MUELLE-F,MINERALES,VALPARAISO,2020-01-27,06:41,2020-01-30,05:06,3906.55,15.0,10,DESPACHADO,2020-01-27 06:41:00,2020-01-30 05:06:00,70.41666666666667,5.0,4.5
MOV-00169,B-016,PIL-OESTE,R-03,MUELLE-D,HARINA,SHANGHAI,2023-04-04,17:43,2023-04-05,04:11,4211.84,11.5,10,RECHAZADO,2023-04-04 17:43:00,2023-04-05 04:11:00,10.466666666666669,1.5,1.0
MOV-00170,B-021,MAERSK-PAMPAS,R-07,MUELLE-C,MINERALES,VALPARAISO,2020-02-23,00:00,2020-02-25,18:20,5103.71,10.6,10,PENDIENTE,,2020-02-25 18:20:00,,0.5999999999999996,0.0999999999999996
MOV-00172,B-016,ONE-PLATA,R-07,MUELLE-F,GRANOS,ROTTERDAM,2024-05-03,09:29,2024-05-04,21:32,5476.51,15.0,12,DESPACHADO,2024-05-03 09:29:00,2024-05-04 21:32:00,36.05,3.0,2.3999999999999986
MOV-00176,B-014,YANG-ESTE,R-01,MUELLE-A,SOJA,HAMBURG,2022-12-12,18:39,2022-12-14,00:00,2911.86,14.6,12,EN_REVISION,2022-12-12 18:39:00,,,2.6,1.9999999999999984
MOV-00179,B-024,CMA-LITORAL,,MUELLE-B,HARINA,MONTEVIDEO,2020-07-08,14:32,2020-07-08,23:40,4766.89,12.6,10,DESPACHADO,2020-07-08 14:32:00,2020-07-08 23:40:00,9.133333333333333,2.6,2.1
MOV-00181,B-019,PIL-OESTE,R-04,MUELLE-B,SOJA,VALPARAISO,2022-08-22,21:03,2022-08-23,01:25,4625.31,11.8,10,EN_REVISION,2022-08-22 21:03:00,2022-08-23 01:25:00,4.366666666666666,1.8000000000000007,1.3000000000000007
MOV-00189,B-039,HAPAG-RIO,R-03,MUELLE-F,MINERALES,SHANGHAI,2021-01-05,16:55,2021-01-06,06:13,4868.31,16.6,12,PENDIENTE,2021-01-05 16:55:00,2021-01-06 06:13:00,13.3,4.600000000000001,4.0
MOV-00190,B-011,CMA-LITORAL,R-07,MUELLE-D,HARINA,HAMBURG,2021-06-21,04:33,2021-06-23,07:52,3633.6,15.2,12,PENDIENTE,2021-06-21 04:33:00,2021-06-23 07:52:00,51.31666666666667,3.2,2.599999999999998
MOV-00192,B-039,CMA-ROSARIO,R-07,MUELLE-F,MAIZ,BUENOS AIRES,2023-08-01,14:59,2023-08-03,22:58,4971.79,15.4,10,PENDIENTE,2023-08-01 14:59:00,2023-08-03 22:58:00,55.98333333333333,5.4,4.9
MOV-00194,B-015,MSC-GENOVA,R-07,MUELLE-F,MINERALES,BUENOS AIRES,2023-07-18,20:05,2023-07-20,00:00,4489.78,14.2,10,EN_REVISION,2023-07-18 20:05:00,,,4.199999999999999,3.6999999999999993
MOV-00195,B-009,EVER-GLORY,R-04,MUELLE-A,TRIGO,HAMBURG,1900-01-01,17:53,2022-10-23,17:46,6380.91,13.4,12,RECHAZADO,,2022-10-23 17:46:00,,1.4000000000000004,0.7999999999999989
MOV-00199,B-008,CMA-ROSARIO,R-08,MUELLE-D,MAIZ,MONTEVIDEO,2022-06-09,08:21,2022-06-11,04:05,6076.86,13.0,10,DESPACHADO,2022-06-09 08:21:00,2022-06-11 04:05:00,43.73333333333333,3.0,2.5
MOV-00200,B-027,ONEPARANA,R-07,MUELLE-B,SOJA,HAMBURG,2023-06-02,14:11,2023-06-04,17:01,6209.9,13.1,10,RECHAZADO,2023-06-02 14:11:00,2023-06-04 17:01:00,50.833333333333336,3.1,2.6
MOV-00204,B-015,MSC-ALPHA,R-06,MUELLE-C,CONTENEDORES,VALPARAISO,2022-10-23,16:53,2022-10-24,19:46,6017.96,13.1,12,DESPACHADO,2022-10-23 16:53:00,2022-10-24 19:46:00,26.883333333333333,1.0999999999999996,0.4999999999999982
MOV-00206,B-030,YANG-MING,R-03,MUELLE-C,MAIZ,VALPARAISO,2020-10-30,11:18,2020-11-02,07:21,1826.69,12.8,10,PENDIENTE,2020-10-30 11:18:00,2020-11-02 07:21:00,68.05,2.8000000000000007,2.3000000000000007
MOV-00208,B-003,CMA-ROSARIO,R-02,MUELLE-C,GRANOS,ROTTERDAM,2023-05-30,20:12,2023-06-02,13:21,4501.51,12.4,10,PENDIENTE,2023-05-30 20:12:00,2023-06-02 13:21:00,65.15,2.4000000000000004,1.9000000000000004
MOV-00217,B-038,MAERSK-LIMA,R-03,MUELLE-A,ACEITE,SAO PAULO,2020-09-08,07:53,2020-09-10,11:43,5711.2,17.5,12,EN_REVISION,2020-09-08 07:53:00,2020-09-10 11:43:00,51.833333333333336,5.5,4.899999999999999
MOV-00220,B-019,MSC-ALPHA,R-01,MUELLE-A,GRANOS,MONTEVIDEO,2024-04-16,20:21,2024-04-19,00:00,,16.0,10,EN_REVISION,2024-04-16 20:21:00,,,6.0,5.5
MOV-00224,B-028,EVER-GLORY,R-04,MUELLE-B,HARINA,MONTEVIDEO,2023-02-01,05:41,2023-02-01,14:22,4885.84,17.4,15,DESPACHADO,2023-02-01 05:41:00,2023-02-01 14:22:00,8.683333333333334,2.3999999999999986,1.6499999999999986
MOV-00228,B-011,ZIM-DELTA,R-03,MUELLE-E,CONTENEDORES,SHANGHAI,2020-12-21,21:37,2020-12-23,00:00,3061.88,12.7,12,RECHAZADO,2020-12-21 21:37:00,,,0.6999999999999993,0.0999999999999978
MOV-00230,B-027,HAPAG-RIO,R-07,MUELLE-B,GRANOS,VALPARAISO,2022-01-27,18:43,2022-01-30,23:49,5119.68,15.3,10,EN_REVISION,2022-01-27 18:43:00,2022-01-30 23:49:00,77.1,5.300000000000001,4.800000000000001
MOV-00238,B-026,YANG-MING,R-02,MUELLE-B,MAIZ,SANTA FE,2024-10-25,00:13,2024-10-27,23:34,5163.81,12.3,10,PENDIENTE,2024-10-25 00:13:00,2024-10-27 23:34:00,71.35,2.3000000000000007,1.8000000000000007
MOV-00240,B-040,EVERGREEN-02,R-08,MUELLE-F,CONTENEDORES,SANTA FE,2022-06-16,07:32,2022-06-17,22:06,4814.52,13.9,12,PENDIENTE,2022-06-16 07:32:00,2022-06-17 22:06:00,38.56666666666667,1.9000000000000004,1.299999999999999
MOV-00241,B-006,HAPAG-SUR,R-03,MUELLE-B,TRIGO,MONTEVIDEO,2021-09-13,07:13,2021-09-13,00:00,6002.7,13.8,12,RECHAZADO,2021-09-13 07:13:00,,,1.8000000000000007,1.1999999999999993
MOV-00245,B-023,COSCO-TIGRE,R-04,MUELLE-C,SOJA,SANTA FE,2022-12-01,00:00,2022-12-03,17:16,3527.05,15.0,10,EN_REVISION,,2022-12-03 17:16:00,,5.0,4.5
MOV-00247,B-006,EVER-GLORY,R-07,MUELLE-B,MINERALES,SAO PAULO,2023-04-19,17:33,2023-04-21,00:01,6590.95,14.1,12,RECHAZADO,2023-04-19 17:33:00,2023-04-21 00:01:00,30.466666666666665,2.1,1.4999999999999982
MOV-00254,B-022,PIL-SANTA,R-08,MUELLE-C,TRIGO,SHANGHAI,1900-01-01,22:08,2020-02-03,19:49,5742.74,19.4,12,EN_REVISION,,2020-02-03 19:49:00,,7.399999999999999,6.799999999999997
MOV-00255,B-025,YANG-ESTE,,MUELLE-D,MAIZ,SANTA FE,2020-01-20,07:47,2020-01-20,08:45,2261.35,13.6,12,DESPACHADO,2020-01-20 07:47:00,2020-01-20 08:45:00,0.9666666666666668,1.5999999999999996,0.9999999999999982
MOV-00259,B-019,COSCO-TIGRE,R-07,MUELLE-A,CONTENEDORES,SAO PAULO,2024-12-07,19:39,2024-12-08,12:41,3716.45,13.0,12,DESPACHADO,2024-12-07 19:39:00,2024-12-08 12:41:00,17.033333333333335,1.0,0.3999999999999986
MOV-00262,B-024,EVER-GLORY,R-01,MUELLE-B,TRIGO,VALPARAISO,2021-11-26,17:15,2021-11-27,06:07,5181.36,14.3,10,PENDIENTE,2021-11-26 17:15:00,2021-11-27 06:07:00,12.866666666666667,4.300000000000001,3.8000000000000007
MOV-00264,B-011,ONE-PLATA,R-07,MUELLE-F,ACEITE,HAMBURG,2023-11-23,15:45,2023-11-26,18:11,5817.49,16.3,15,RECHAZADO,2023-11-23 15:45:00,2023-11-26 18:11:00,74.43333333333334,1.3000000000000007,0.5500000000000007
MOV-00268,B-025,ONE-PARANA,R-07,MUELLE-A,CONTENEDORES,SAO PAULO,2023-08-01,09:05,2023-08-02,02:32,6208.92,14.5,12,RECHAZADO,2023-08-01 09:05:00,2023-08-02 02:32:00,17.45,2.5,1.8999999999999984
MOV-00270,B-030,PIL-OESTE,R-01,MUELLE-F,SOJA,VALPARAISO,2022-03-11,19:52,2022-03-12,22:17,3681.56,16.7,12,RECHAZADO,2022-03-11 19:52:00,2022-03-12 22:17:00,26.416666666666668,4.699999999999999,4.099999999999998
MOV-00274,B-013,YANG-ESTE,R-04,MUELLE-E,CONTENEDORES,ROTTERDAM,2020-12-21,00:25,2020-12-22,16:30,5062.63,13.4,12,DESPACHADO,2020-12-21 00:25:00,2020-12-22 16:30:00,40.083333333333336,1.4000000000000004,0.7999999999999989
MOV-00275,B-017,MAERSK-LIMA,R-06,MUELLE-F,CONTENEDORES,MONTEVIDEO,2021-10-13,21:30,2021-10-14,08:24,5918.93,16.5,15,EN_REVISION,2021-10-13 21:30:00,2021-10-14 08:24:00,10.9,1.5,0.75
MOV-00283,B-001,COSCO-TIGRE,R-05,MUELLE-D,MINERALES,SHANGHAI,2021-10-07,07:23,2021-10-09,13:43,4060.33,15.9,12,RECHAZADO,2021-10-07 07:23:00,2021-10-09 13:43:00,54.333333333333336,3.9,3.299999999999999
MOV-00284,B-031,ONE-PLATA,R-07,MUELLE-F,TRIGO,SANTA FE,2024-07-11,23:20,2024-07-14,12:25,6127.94,12.3,10,EN_REVISION,2024-07-11 23:20:00,2024-07-14 12:25:00,61.083333333333336,2.3000000000000007,1.8000000000000007
MOV-00285,B-033,EVERGLORY,R-03,MUELLE-D,SOJA,VALPARAISO,2022-09-14,21:34,2022-09-16,01:40,5642.51,14.8,10,RECHAZADO,2022-09-14 21:34:00,2022-09-16 01:40:00,28.1,4.800000000000001,4.300000000000001
MOV-00289,B-019,YANG-MING,R-04,MUELLE-F,CONTENEDORES,BUENOS AIRES,2024-10-06,22:19,2024-10-09,00:00,4054.49,16.8,10,PENDIENTE,2024-10-06 22:19:00,,,6.800000000000001,6.300000000000001
MOV-00290,B-011,EVER-GLORY,R-02,MUELLE-C,MINERALES,MONTEVIDEO,2023-04-30,13:09,2023-05-02,23:55,6069.33,14.4,12,,2023-04-30 13:09:00,2023-05-02 23:55:00,58.766666666666666,2.4000000000000004,1.799999999999999
MOV-00291,B-008,COSCO-STAR,R-02,MUELLE-D,TRIGO,SANTA FE,2021-01-05,12:30,2021-01-07,14:43,4705.22,16.9,15,RECHAZADO,2021-01-05 12:30:00,2021-01-07 14:43:00,50.21666666666667,1.8999999999999984,1.1499999999999986
MOV-00293,B-032,MSC-ALPHA,R-06,MUELLE-E,TRIGO,BUENOS AIRES,2024-10-19,06:08,2024-10-20,01:21,5062.71,13.9,12,DESPACHADO,2024-10-19 06:08:00,2024-10-20 01:21:00,19.216666666666665,1.9000000000000004,1.299999999999999
MOV-00299,B-020,EVERGREEN-02,R-02,MUELLE-A,ACEITE,MONTEVIDEO,2021-02-08,02:33,1900-01-01,18:24,4661.29,13.1,12,RECHAZADO,2021-02-08 02:33:00,,,1.0999999999999996,0.4999999999999982
MOV-00300,B-001,EVERGREEN-02,R-04,MUELLE-A,TRIGO,VALPARAISO,2020-03-05,05:42,2020-03-06,03:50,5837.47,14.3,12,DESPACHADO,2020-03-05 05:42:00,2020-03-06 03:50:00,22.133333333333333,2.3000000000000007,1.6999999999999993
MOV-00302,B-012,ONE-PARANA,R-03,MUELLE-B,SOJA,MONTEVIDEO,2022-05-23,00:39,2022-05-24,14:44,8552.11,14.2,10,RECHAZADO,2022-05-23 00:39:00,2022-05-24 14:44:00,38.083333333333336,4.199999999999999,3.6999999999999993
MOV-00303,B-003,MSC-GENOVA,R-01,MUELLE-F,ACEITE,SAO PAULO,2022-06-01,05:16,1900-01-01,00:00,2416.08,13.1,10,EN_REVISION,2022-06-01 05:16:00,,,3.1,2.6
MOV-00310,B-025,MAERSK-LIMA,R-08,MUELLE-B,SOJA,SAO PAULO,2023-06-14,10:07,2023-06-16,07:50,5940.1,11.3,10,DESPACHADO,2023-06-14 10:07:00,2023-06-16 07:50:00,45.71666666666667,1.3000000000000007,0.8000000000000007
MOV-00311,B-005,MSC-GENOVA,R-03,MUELLE-F,MAIZ,SHANGHAI,2024-07-26,02:07,2024-07-28,02:32,3517.3,15.0,12,PENDIENTE,2024-07-26 02:07:00,2024-07-28 02:32:00,48.41666666666666,3.0,2.3999999999999986
MOV-00315,B-030,HAPAG-SUR,R-06,MUELLE-F,CONTENEDORES,ROTTERDAM,2021-02-02,08:06,2021-02-03,20:11,,13.0,12,PENDIENTE,2021-02-02 08:06:00,2021-02-03 20:11:00,36.083333333333336,1.0,0.3999999999999986
MOV-00318,B-011,YANG-MING,R-03,MUELLE-A,HARINA,SHANGHAI,2021-06-12,15:16,2021-06-15,15:21,5638.67,13.0,12,EN_REVISION,2021-06-12 15:16:00,2021-06-15 15:21:00,72.08333333333333,1.0,0.3999999999999986
MOV-00320,B-014,HAPAGSUR,R-02,MUELLE-C,MINERALES,SANTA FE,2021-10-17,18:02,2021-10-19,00:00,5638.09,11.5,10,PENDIENTE,2021-10-17 18:02:00,,,1.5,1.0
MOV-00322,B-021,MSCGENOVA,R-03,MUELLE-D,MAIZ,HAMBURG,2021-06-22,16:46,2021-06-22,10:35,7401.79,17.2,12,EN_REVISION,2021-06-22 16:46:00,2021-06-22 10:35:00,-6.183333333333334,5.199999999999999,4.599999999999998
MOV-00334,B-004,PIL-SANTA,R-01,MUELLE-A,GRANOS,VALPARAISO,2021-07-06,22:10,2021-07-07,00:00,4842.24,16.6,12,DESPACHADO,2021-07-06 22:10:00,,,4.600000000000001,4.0
MOV-00335,B-019,COSCO-STAR,R-06,MUELLE-E,TRIGO,SAO PAULO,2020-01-27,21:13,2020-01-30,02:28,6248.54,13.6,10,DESPACHADO,2020-01-27 21:13:00,2020-01-30 02:28:00,53.25,3.6,3.1
MOV-00337,B-007,EVERGLORY,R-07,MUELLE-F,CONTENEDORES,SAO PAULO,2022-12-20,19:31,2022-12-23,00:00,5277.83,13.7,12,EN_REVISION,2022-12-20 19:31:00,,,1.6999999999999993,1.099999999999998
MOV-00342,B-038,MAERSK-LIMA,R-01,MUELLE-D,HARINA,SANTA FE,2021-05-29,04:22,2021-05-30,17:16,3637.09,16.6,10,RECHAZADO,2021-05-29 04:22:00,2021-05-30 17:16:00,36.9,6.600000000000001,6.100000000000001
MOV-00344,B-030,MAERSK-PAMPAS,R-07,MUELLE-D,GRANOS,SANTA FE,2024-05-30,07:37,2024-06-02,09:26,5561.19,12.9,12,RECHAZADO,2024-05-30 07:37:00,2024-06-02 09:26:00,73.81666666666666,0.9000000000000004,0.2999999999999989
MOV-00348,B-014,EVERGREEN-02,R-07,MUELLE-E,SOJA,MONTEVIDEO,2022-07-30,22:54,2022-07-31,17:15,3857.73,15.8,12,PENDIENTE,2022-07-30 22:54:00,2022-07-31 17:15:00,18.35,3.8000000000000007,3.2
MOV-00353,B-003,EVERGREEN-02,R-02,MUELLE-D,SOJA,HAMBURG,2022-10-14,00:00,2022-10-16,00:06,4954.97,12.9,10,PENDIENTE,,2022-10-16 00:06:00,,2.9000000000000004,2.4000000000000004
MOV-00355,B-019,CMA-ROSARIO,R-07,MUELLE-D,SOJA,BUENOS AIRES,2023-12-15,23:52,2023-12-18,11:33,4998.12,15.8,12,DESPACHADO,2023-12-15 23:52:00,2023-12-18 11:33:00,59.68333333333333,3.8000000000000007,3.2
MOV-00361,B-033,ONE-PLATA,R-06,MUELLE-B,CONTENEDORES,SANTA FE,2020-06-07,07:36,2020-06-10,10:15,1917.76,19.1,10,PENDIENTE,2020-06-07 07:36:00,2020-06-10 10:15:00,74.65,9.1,8.600000000000001
MOV-00363,B-027,MAERSK-PAMPAS,R-03,MUELLE-E,MINERALES,SAO PAULO,2022-05-07,08:48,2022-05-10,02:57,5151.36,11.6,10,PENDIENTE,2022-05-07 08:48:00,2022-05-10 02:57:00,66.15,1.5999999999999996,1.0999999999999996
MOV-00365,B-007,ZIM-DELTA,R-05,MUELLE-D,ACEITE,SANTA FE,2020-10-20,01:52,2020-10-21,22:22,4740.42,14.9,10,RECHAZADO,2020-10-20 01:52:00,2020-10-21 22:22:00,44.5,4.9,4.4
MOV-00369,B-008,YANG-MING,R-07,MUELLE-D,ACEITE,SAO PAULO,2023-09-14,03:22,2023-09-16,08:23,6001.8,14.2,12,RECHAZADO,2023-09-14 03:22:00,2023-09-16 08:23:00,53.016666666666666,2.2,1.599999999999998
MOV-00375,B-001,HAPAG-RIO,R-02,MUELLE-B,TRIGO,HAMBURG,2023-07-06,16:31,2023-07-07,07:40,6223.03,12.8,10,DESPACHADO,2023-07-06 16:31:00,2023-07-07 07:40:00,15.15,2.8000000000000007,2.3000000000000007
MOV-00378,B-011,MSC-GENOVA,R-04,MUELLE-B,SOJA,MONTEVIDEO,2020-06-08,01:08,2020-06-10,07:56,6247.2,17.3,12,PENDIENTE,2020-06-08 01:08:00,2020-06-10 07:56:00,54.8,5.300000000000001,4.699999999999999
MOV-00381,B-009,COSCO-STAR,R-07,MUELLE-A,GRANOS,HAMBURG,2024-10-12,06:41,2024-10-12,00:00,4069.0,17.5,12,DESPACHADO,2024-10-12 06:41:00,,,5.5,4.899999999999999
MOV-00383,B-020,ONE-PARANA,R-03,MUELLE-C,GRANOS,ROTTERDAM,2022-04-27,07:53,2022-04-28,22:21,5288.55,13.5,12,EN_REVISION,2022-04-27 07:53:00,2022-04-28 22:21:00,38.46666666666667,1.5,0.8999999999999986
MOV-00384,B-028,EVERGREEN-02,R-05,MUELLE-B,ACEITE,VALPARAISO,2022-08-15,08:02,2022-08-16,09:17,4177.33,11.8,10,DESPACHADO,2022-08-15 08:02:00,2022-08-16 09:17:00,25.25,1.8000000000000007,1.3000000000000007
MOV-00386,B-011,YANG-MING,R-04,MUELLE-E,MAIZ,MONTEVIDEO,2021-09-25,04:51,2021-09-27,03:39,5095.77,11.0,10,EN_REVISION,2021-09-25 04:51:00,2021-09-27 03:39:00,46.8,1.0,0.5
MOV-00388,B-039,COSCO-TIGRE,R-02,MUELLE-F,TRIGO,MONTEVIDEO,2020-07-09,10:24,2020-07-10,00:00,5314.09,13.9,12,,2020-07-09 10:24:00,,,1.9000000000000004,1.299999999999999
MOV-00394,B-034,EVERGREEN-02,R-05,MUELLE-C,ACEITE,HAMBURG,2023-07-02,11:36,2023-07-04,15:10,6651.49,12.8,10,RECHAZADO,2023-07-02 11:36:00,2023-07-04 15:10:00,51.56666666666667,2.8000000000000007,2.3000000000000007
MOV-00399,B-007,MSC-ALPHA,R-02,MUELLE-D,MINERALES,SAO PAULO,2024-05-31,14:44,2024-06-02,04:18,3993.35,15.8,12,EN_REVISION,2024-05-31 14:44:00,2024-06-02 04:18:00,37.56666666666667,3.8000000000000007,3.2
MOV-00404,B-020,PIL-SANTA,R-04,MUELLE-C,HARINA,VALPARAISO,2022-09-25,00:20,2022-09-27,07:19,6542.46,15.3,10,RECHAZADO,2022-09-25 00:20:00,2022-09-27 07:19:00,54.98333333333333,5.300000000000001,4.800000000000001
MOV-00405,B-020,YANG-ESTE,R-04,MUELLE-E,MAIZ,SHANGHAI,2024-10-11,05:39,2024-10-12,21:47,5430.33,14.8,10,PENDIENTE,2024-10-11 05:39:00,2024-10-12 21:47:00,40.13333333333333,4.800000000000001,4.300000000000001
MOV-00406,B-027,MSC-GENOVA,R-07,MUELLE-A,CONTENEDORES,SHANGHAI,2024-08-03,22:12,2024-08-05,20:24,7023.15,11.2,10,PENDIENTE,2024-08-03 22:12:00,2024-08-05 20:24:00,46.2,1.1999999999999993,0.6999999999999993
MOV-00407,B-003,COSCO-TIGRE,R-08,MUELLE-B,HARINA,ROTTERDAM,2023-01-06,11:28,2023-01-08,23:06,6377.86,14.6,12,DESPACHADO,2023-01-06 11:28:00,2023-01-08 23:06:00,59.63333333333333,2.6,1.9999999999999984
MOV-00415,B-035,CMA-LITORAL,R-03,MUELLE-E,GRANOS,VALPARAISO,2021-10-23,21:34,2021-10-25,09:18,2456.01,13.2,10,RECHAZADO,2021-10-23 21:34:00,2021-10-25 09:18:00,35.733333333333334,3.2,2.7
MOV-00428,B-015,CMA-LITORAL,R-05,MUELLE-E,GRANOS,HAMBURG,2020-02-15,17:28,2020-02-16,05:57,3715.56,12.1,10,RECHAZADO,2020-02-15 17:28:00,2020-02-16 05:57:00,12.483333333333333,2.1,1.5999999999999996
MOV-00430,B-025,MAERSK-PAMPAS,R-07,MUELLE-F,MINERALES,MONTEVIDEO,2023-12-19,13:56,2023-12-21,16:22,5423.49,14.4,10,EN_REVISION,2023-12-19 13:56:00,2023-12-21 16:22:00,50.43333333333333,4.4,3.9
MOV-00434,B-037,ZIM-NORTE,,MUELLE-F,ACEITE,SANTA FE,2021-12-21,17:03,2021-12-24,19:42,5974.98,12.7,10,DESPACHADO,2021-12-21 17:03:00,2021-12-24 19:42:00,74.65,2.7,2.2
MOV-00436,B-001,COSCO-TIGRE,R-01,MUELLE-F,MINERALES,MONTEVIDEO,2024-06-08,15:04,2024-06-09,20:31,5534.34,12.6,10,PENDIENTE,2024-06-08 15:04:00,2024-06-09 20:31:00,29.45,2.6,2.1
MOV-00437,B-034,EVER-GLORY,R-08,MUELLE-D,SOJA,BUENOS AIRES,2024-04-10,22:51,2024-04-11,04:03,6155.51,12.7,10,PENDIENTE,2024-04-10 22:51:00,2024-04-11 04:03:00,5.2,2.7,2.2
MOV-00438,B-013,EVER-GLORY,R-07,MUELLE-D,MAIZ,VALPARAISO,2023-09-09,23:28,2023-09-10,14:57,5261.25,16.2,12,DESPACHADO,2023-09-09 23:28:00,2023-09-10 14:57:00,15.483333333333333,4.199999999999999,3.599999999999998
MOV-00441,B-014,ONE-PARANA,R-04,MUELLE-F,ACEITE,HAMBURG,2020-10-16,15:06,2020-10-19,22:37,4274.29,13.8,12,RECHAZADO,2020-10-16 15:06:00,2020-10-19 22:37:00,79.51666666666667,1.8000000000000007,1.1999999999999993
MOV-00443,B-038,CMA-LITORAL,R-08,MUELLE-C,MAIZ,VALPARAISO,2020-11-30,13:07,2020-12-03,00:47,,14.3,10,EN_REVISION,2020-11-30 13:07:00,2020-12-03 00:47:00,59.66666666666666,4.300000000000001,3.8000000000000007
MOV-00446,B-018,COSCO-TIGRE,R-06,MUELLE-C,CONTENEDORES,ROTTERDAM,2023-02-05,06:31,2023-02-06,17:23,5745.42,14.0,12,EN_REVISION,2023-02-05 06:31:00,2023-02-06 17:23:00,34.86666666666667,2.0,1.3999999999999986
MOV-00448,B-039,HAPAG-RIO,R-08,MUELLE-C,GRANOS,HAMBURG,2021-06-23,04:56,2021-06-24,00:00,4511.93,11.9,10,PENDIENTE,2021-06-23 04:56:00,,,1.9000000000000004,1.4000000000000004
MOV-00449,B-017,YANG-MING,R-03,MUELLE-A,GRANOS,BUENOS AIRES,2024-03-27,13:05,2024-03-30,18:15,3911.87,16.0,15,RECHAZADO,2024-03-27 13:05:00,2024-03-30 18:15:00,77.16666666666667,1.0,0.25
MOV-00451,B-010,PIL-SANTA,R-06,MUELLE-B,GRANOS,HAMBURG,2021-07-22,07:12,2021-07-25,11:40,6230.11,16.7,15,RECHAZADO,2021-07-22 07:12:00,2021-07-25 11:40:00,76.46666666666667,1.6999999999999993,0.9499999999999992
MOV-00455,B-010,CMA-LITORAL,R-07,MUELLE-E,MAIZ,HAMBURG,2021-02-09,22:38,1900-01-01,17:03,5747.81,13.5,12,EN_REVISION,2021-02-09 22:38:00,,,1.5,0.8999999999999986
MOV-00456,B-021,PIL-OESTE,R-01,MUELLE-E,GRANOS,MONTEVIDEO,2020-07-28,16:10,2020-07-30,22:38,5414.23,12.4,10,RECHAZADO,2020-07-28 16:10:00,2020-07-30 22:38:00,54.46666666666667,2.4000000000000004,1.9000000000000004
MOV-00458,B-011,COSCO-TIGRE,R-04,MUELLE-B,GRANOS,VALPARAISO,2024-09-05,00:00,2024-09-06,00:00,3653.61,10.8,10,EN_REVISION,,,,0.8000000000000007,0.3000000000000007
MOV-00462,B-019,HAPAG-SUR,R-04,MUELLE-C,GRANOS,VALPARAISO,2023-08-24,01:55,2023-08-26,04:57,5124.59,15.3,10,PENDIENTE,2023-08-24 01:55:00,2023-08-26 04:57:00,51.03333333333333,5.300000000000001,4.800000000000001
MOV-00468,B-034,HAPAG-SUR,R-03,MUELLE-D,HARINA,MONTEVIDEO,2023-11-07,04:53,2023-11-07,11:33,4730.34,14.6,10,DESPACHADO,2023-11-07 04:53:00,2023-11-07 11:33:00,6.666666666666667,4.6,4.1
MOV-00469,B-007,HAPAG-RIO,R-03,MUELLE-B,GRANOS,HAMBURG,2023-12-21,16:57,2023-12-23,07:39,3755.79,15.5,10,RECHAZADO,2023-12-21 16:57:00,2023-12-23 07:39:00,38.7,5.5,5.0
MOV-00472,B-015,CMA-ROSARIO,R-08,MUELLE-E,CONTENEDORES,MONTEVIDEO,2022-06-05,19:01,2022-06-08,06:13,4196.73,10.6,10,PENDIENTE,2022-06-05 19:01:00,2022-06-08 06:13:00,59.2,0.5999999999999996,0.0999999999999996
MOV-00476,B-028,ONEPARANA,,MUELLE-F,GRANOS,SANTA FE,2021-08-05,13:15,2021-08-06,03:57,4121.64,15.6,12,DESPACHADO,2021-08-05 13:15:00,2021-08-06 03:57:00,14.7,3.6,2.9999999999999982
MOV-00480,B-036,EVER-GLORY,R-05,MUELLE-A,HARINA,HAMBURG,2024-11-18,05:14,2024-11-20,00:00,4364.41,17.7,12,PENDIENTE,2024-11-18 05:14:00,,,5.699999999999999,5.099999999999998
MOV-00483,B-008,YANG-ESTE,R-07,MUELLE-D,CONTENEDORES,VALPARAISO,2021-03-17,13:49,2021-03-18,04:11,6371.36,12.5,10,EN_REVISION,2021-03-17 13:49:00,2021-03-18 04:11:00,14.366666666666667,2.5,2.0
MOV-00486,B-040,COSCO-TIGRE,R-05,MUELLE-D,TRIGO,SANTA FE,2022-05-06,18:12,2022-05-09,00:00,4029.65,19.0,10,DESPACHADO,2022-05-06 18:12:00,,,9.0,8.5
MOV-00490,B-037,COSCO-STAR,R-01,MUELLE-B,HARINA,SHANGHAI,2023-06-12,00:52,2023-06-13,00:00,6539.59,13.0,10,DESPACHADO,2023-06-12 00:52:00,,,3.0,2.5
MOV-00491,B-019,EVER-GLORY,R-07,MUELLE-C,MAIZ,HAMBURG,2023-08-31,22:52,2023-09-03,12:42,4096.5,14.8,12,RECHAZADO,2023-08-31 22:52:00,2023-09-03 12:42:00,61.833333333333336,2.8000000000000007,2.2
MOV-00495,B-003,ZIMDELTA,R-05,MUELLE-D,HARINA,SANTA FE,2021-05-04,12:00,2021-05-06,00:00,7861.89,13.9,12,PENDIENTE,2021-05-04 12:00:00,,,1.9000000000000004,1.299999999999999
MOV-00497,B-010,MAERSK-LIMA,R-01,MUELLE-B,SOJA,VALPARAISO,2022-10-21,17:29,2022-10-24,13:57,5995.05,14.1,10,PENDIENTE,2022-10-21 17:29:00,2022-10-24 13:57:00,68.46666666666667,4.1,3.6
MOV-00500,B-004,YANG-MING,R-03,MUELLE-F,HARINA,ROTTERDAM,2022-12-23,11:04,2022-12-26,13:02,4552.58,17.7,10,PENDIENTE,2022-12-23 11:04:00,2022-12-26 13:02:00,73.96666666666667,7.699999999999999,7.199999999999999
MOV-00503,B-025,ONE-PARANA,R-05,MUELLE-C,MAIZ,ROTTERDAM,2023-06-16,03:45,2023-06-18,00:00,5837.0,10.7,10,RECHAZADO,2023-06-16 03:45:00,,,0.6999999999999993,0.1999999999999993
MOV-00505,B-032,HAPAG-SUR,R-05,MUELLE-D,GRANOS,VALPARAISO,2024-03-12,14:33,2024-03-14,08:00,4355.81,12.7,10,DESPACHADO,2024-03-12 14:33:00,2024-03-14 08:00:00,41.45,2.7,2.2
MOV-00506,B-031,ZIM-DELTA,R-08,MUELLE-B,GRANOS,SAO PAULO,2022-11-09,20:59,2022-11-10,08:30,2365.02,17.8,15,RECHAZADO,2022-11-09 20:59:00,2022-11-10 08:30:00,11.516666666666667,2.8000000000000007,2.0500000000000007
MOV-00510,B-023,CMA-LITORAL,R-03,MUELLE-A,SOJA,SANTA FE,2024-02-19,01:46,2024-02-20,16:06,5787.9,17.2,10,EN_REVISION,2024-02-19 01:46:00,2024-02-20 16:06:00,38.333333333333336,7.199999999999999,6.699999999999999
MOV-00512,B-037,ONE-PARANA,R-08,MUELLE-D,MAIZ,HAMBURG,2024-06-22,00:12,2024-06-24,14:39,4342.4,15.8,15,EN_REVISION,2024-06-22 00:12:00,2024-06-24 14:39:00,62.45,0.8000000000000007,0.0500000000000007
MOV-00513,B-012,ZIM-NORTE,R-04,MUELLE-B,TRIGO,SANTA FE,2022-12-11,17:05,2022-12-13,23:43,5081.26,15.8,12,DESPACHADO,2022-12-11 17:05:00,2022-12-13 23:43:00,54.63333333333333,3.8000000000000007,3.2
MOV-00515,B-019,PIL-SANTA,R-03,MUELLE-A,MAIZ,HAMBURG,2020-11-04,05:52,2020-11-05,04:28,2369.12,12.4,10,EN_REVISION,2020-11-04 05:52:00,2020-11-05 04:28:00,22.6,2.4000000000000004,1.9000000000000004
MOV-00516,B-008,ZIM-DELTA,R-07,MUELLE-B,HARINA,SAO PAULO,2024-08-09,05:50,2024-08-11,22:12,4740.37,12.7,12,EN_REVISION,2024-08-09 05:50:00,2024-08-11 22:12:00,64.36666666666666,0.6999999999999993,0.0999999999999978
MOV-00523,B-011,ONE-PARANA,R-03,MUELLE-A,TRIGO,HAMBURG,2021-06-06,00:00,2021-06-07,14:40,4362.87,14.7,10,EN_REVISION,,2021-06-07 14:40:00,,4.699999999999999,4.199999999999999
MOV-00524,B-003,ONE-PARANA,R-01,MUELLE-E,TRIGO,SHANGHAI,2022-03-02,04:43,2022-03-04,03:31,3685.67,14.5,10,RECHAZADO,2022-03-02 04:43:00,2022-03-04 03:31:00,46.8,4.5,4.0
MOV-00526,B-038,COSCO-STAR,R-05,MUELLE-C,MAIZ,SANTA FE,2022-04-05,19:45,2022-04-08,02:24,6584.87,11.8,10,RECHAZADO,2022-04-05 19:45:00,2022-04-08 02:24:00,54.65,1.8000000000000007,1.3000000000000007
MOV-00533,B-011,MAERSK-LIMA,R-02,MUELLE-E,MAIZ,SANTA FE,2024-08-16,16:42,2024-08-18,03:27,6519.15,15.2,10,RECHAZADO,2024-08-16 16:42:00,2024-08-18 03:27:00,34.75,5.199999999999999,4.699999999999999
MOV-00534,B-007,MAERSK-PAMPAS,R-05,MUELLE-C,GRANOS,SAO PAULO,2022-03-26,15:34,2022-03-27,10:29,5254.62,14.2,10,RECHAZADO,2022-03-26 15:34:00,2022-03-27 10:29:00,18.916666666666668,4.199999999999999,3.6999999999999993
MOV-00541,B-035,PIL-OESTE,R-02,MUELLE-C,CONTENEDORES,MONTEVIDEO,2021-01-17,17:48,2021-01-19,11:11,6590.74,14.2,12,EN_REVISION,2021-01-17 17:48:00,2021-01-19 11:11:00,41.38333333333333,2.2,1.599999999999998
MOV-00542,B-026,EVERGREEN-02,R-06,MUELLE-A,MINERALES,VALPARAISO,2023-06-03,10:48,1900-01-01,09:32,6458.48,10.8,10,RECHAZADO,2023-06-03 10:48:00,,,0.8000000000000007,0.3000000000000007
MOV-00543,B-016,PIL-SANTA,R-01,MUELLE-A,ACEITE,SAO PAULO,2020-08-08,10:52,2020-08-10,22:14,,14.5,12,RECHAZADO,2020-08-08 10:52:00,2020-08-10 22:14:00,59.36666666666667,2.5,1.8999999999999984
MOV-00544,B-007,YANG-MING,R-02,MUELLE-A,ACEITE,MONTEVIDEO,2023-11-26,00:00,2023-11-29,07:34,3907.86,14.5,10,RECHAZADO,,2023-11-29 07:34:00,,4.5,4.0
MOV-00548,B-039,CMA-ROSARIO,R-01,MUELLE-F,HARINA,BUENOS AIRES,2022-11-30,07:26,2022-12-01,00:00,4890.22,12.3,10,DESPACHADO,2022-11-30 07:26:00,,,2.3000000000000007,1.8000000000000007
MOV-00551,B-015,HAPAG-RIO,R-07,MUELLE-C,TRIGO,SANTA FE,2023-06-05,22:46,2023-06-06,07:43,4936.35,14.3,12,EN_REVISION,2023-06-05 22:46:00,2023-06-06 07:43:00,8.95,2.3000000000000007,1.6999999999999993
MOV-00556,B-019,MSC-GENOVA,R-07,MUELLE-F,MAIZ,SHANGHAI,2020-11-03,19:18,2020-11-05,12:59,4053.49,10.8,10,DESPACHADO,2020-11-03 19:18:00,2020-11-05 12:59:00,41.68333333333333,0.8000000000000007,0.3000000000000007
MOV-00557,B-032,MSC-GENOVA,R-02,MUELLE-B,MINERALES,BUENOS AIRES,2023-01-30,10:34,2023-02-01,23:50,4799.25,15.1,12,PENDIENTE,2023-01-30 10:34:00,2023-02-01 23:50:00,61.266666666666666,3.1,2.4999999999999982
MOV-00559,B-037,CMALITORAL,R-06,MUELLE-D,HARINA,BUENOS AIRES,2022-01-31,09:27,2022-02-01,01:11,3310.98,13.6,12,EN_REVISION,2022-01-31 09:27:00,2022-02-01 01:11:00,15.733333333333333,1.5999999999999996,0.9999999999999982
MOV-00561,B-024,ONE-PLATA,R-05,MUELLE-D,HARINA,SAO PAULO,2020-02-05,18:27,2020-02-06,00:00,5850.36,16.2,10,RECHAZADO,2020-02-05 18:27:00,,,6.199999999999999,5.699999999999999
MOV-00564,B-036,YANG-MING,R-02,MUELLE-D,CONTENEDORES,BUENOS AIRES,2022-09-20,15:36,2022-09-22,20:13,5207.39,14.4,10,PENDIENTE,2022-09-20 15:36:00,2022-09-22 20:13:00,52.61666666666667,4.4,3.9
MOV-00565,B-009,MSC-GENOVA,R-04,MUELLE-D,GRANOS,HAMBURG,2023-09-15,21:42,2023-09-16,19:12,5971.9,13.9,10,PENDIENTE,2023-09-15 21:42:00,2023-09-16 19:12:00,21.5,3.9,3.4000000000000004
MOV-00567,B-012,ONE-PARANA,,MUELLE-E,SOJA,VALPARAISO,2020-11-19,16:57,2020-11-22,03:40,6455.2,14.4,10,RECHAZADO,2020-11-19 16:57:00,2020-11-22 03:40:00,58.71666666666667,4.4,3.9
MOV-00568,B-017,COSCO-STAR,R-07,MUELLE-A,ACEITE,ROTTERDAM,2020-12-28,15:18,2020-12-29,10:44,3480.58,12.1,10,DESPACHADO,2020-12-28 15:18:00,2020-12-29 10:44:00,19.433333333333334,2.1,1.5999999999999996
MOV-00569,B-017,YANG-ESTE,R-07,MUELLE-A,HARINA,HAMBURG,2023-02-22,10:06,2023-02-24,04:28,5752.97,14.6,10,EN_REVISION,2023-02-22 10:06:00,2023-02-24 04:28:00,42.36666666666667,4.6,4.1
MOV-00574,B-026,ONE-PARANA,R-07,MUELLE-C,TRIGO,ROTTERDAM,2022-02-01,19:03,2022-02-03,05:33,6277.43,14.3,12,PENDIENTE,2022-02-01 19:03:00,2022-02-03 05:33:00,34.5,2.3000000000000007,1.6999999999999993
MOV-00577,B-002,MAERSK-LIMA,R-02,MUELLE-B,HARINA,BUENOS AIRES,2024-07-27,08:34,2024-07-30,00:00,2762.06,17.8,15,DESPACHADO,2024-07-27 08:34:00,,,2.8000000000000007,2.0500000000000007
MOV-00579,B-020,CMA-ROSARIO,R-02,MUELLE-F,TRIGO,SHANGHAI,2020-04-06,01:43,2020-04-08,15:06,3702.29,15.8,12,EN_REVISION,2020-04-06 01:43:00,2020-04-08 15:06:00,61.38333333333333,3.8000000000000007,3.2
MOV-00581,B-013,EVER-GLORY,R-07,MUELLE-E,TRIGO,SHANGHAI,2024-10-02,07:56,2024-10-04,20:45,4732.8,18.3,12,PENDIENTE,2024-10-02 07:56:00,2024-10-04 20:45:00,60.81666666666667,6.300000000000001,5.699999999999999
MOV-00586,B-038,MSC-ALPHA,R-02,MUELLE-A,GRANOS,SAO PAULO,2020-01-08,00:00,2020-01-10,00:00,,13.3,10,DESPACHADO,,,,3.3000000000000007,2.8000000000000007
MOV-00588,B-034,PIL-OESTE,R-02,MUELLE-D,MINERALES,BUENOS AIRES,2021-01-04,11:29,2021-01-05,23:39,7122.59,13.0,12,,2021-01-04 11:29:00,2021-01-05 23:39:00,36.16666666666666,1.0,0.3999999999999986
MOV-00591,B-004,COSCO-STAR,R-07,MUELLE-B,ACEITE,ROTTERDAM,2024-08-21,04:17,2024-08-23,01:42,6267.37,11.0,10,EN_REVISION,2024-08-21 04:17:00,2024-08-23 01:42:00,45.41666666666666,1.0,0.5
MOV-00600,B-023,EVERGREEN-02,R-04,MUELLE-C,ACEITE,MONTEVIDEO,2022-04-14,15:36,2022-04-14,00:00,4704.18,12.9,10,DESPACHADO,2022-04-14 15:36:00,,,2.9000000000000004,2.4000000000000004
MOV-00604,B-029,MAERSKLIMA,R-02,MUELLE-C,MAIZ,SAO PAULO,2020-07-21,20:50,2020-07-22,14:07,5536.2,14.9,10,DESPACHADO,2020-07-21 20:50:00,2020-07-22 14:07:00,17.283333333333335,4.9,4.4
MOV-00609,B-016,ZIM-NORTE,R-05,MUELLE-A,CONTENEDORES,ROTTERDAM,2020-08-30,13:31,2020-08-30,01:22,5288.11,13.0,10,PENDIENTE,2020-08-30 13:31:00,2020-08-30 01:22:00,-12.15,3.0,2.5
MOV-00610,B-020,PIL-OESTE,R-05,MUELLE-C,HARINA,SANTA FE,2023-11-03,09:38,2023-11-04,10:06,6167.84,11.4,10,RECHAZADO,2023-11-03 09:38:00,2023-11-04 10:06:00,24.466666666666665,1.4000000000000004,0.9000000000000004
MOV-00612,B-024,EVER-GLORY,R-06,MUELLE-E,TRIGO,SAO PAULO,2024-07-14,22:15,2024-07-15,19:00,4945.59,14.0,10,PENDIENTE,2024-07-14 22:15:00,2024-07-15 19:00:00,20.75,4.0,3.5
MOV-00614,B-026,YANG-ESTE,R-03,MUELLE-C,ACEITE,ROTTERDAM,2024-10-13,07:00,2024-10-15,14:42,4580.32,15.1,10,RECHAZADO,2024-10-13 07:00:00,2024-10-15 14:42:00,55.7,5.1,4.6
MOV-00618,B-008,ONE-PARANA,R-07,MUELLE-E,SOJA,HAMBURG,2022-02-13,00:00,2022-02-15,10:37,5669.69,10.9,10,PENDIENTE,,2022-02-15 10:37:00,,0.9000000000000004,0.4000000000000003
MOV-00622,B-004,COSCO-TIGRE,R-04,MUELLE-F,MINERALES,SAO PAULO,2021-07-10,12:43,2021-07-13,08:30,5363.36,10.8,10,DESPACHADO,2021-07-10 12:43:00,2021-07-13 08:30:00,67.78333333333333,0.8000000000000007,0.3000000000000007
MOV-00623,B-019,COSCO-TIGRE,R-04,MUELLE-E,MINERALES,SHANGHAI,2020-04-02,11:20,2020-04-03,15:54,,13.9,12,RECHAZADO,2020-04-02 11:20:00,2020-04-03 15:54:00,28.566666666666663,1.9000000000000004,1.299999999999999
MOV-00624,B-014,PIL-OESTE,R-06,MUELLE-D,MINERALES,SHANGHAI,2020-02-07,08:10,2020-02-09,16:01,7011.49,14.0,10,PENDIENTE,2020-02-07 08:10:00,2020-02-09 16:01:00,55.85,4.0,3.5
MOV-00625,B-003,PIL-OESTE,R-08,MUELLE-B,SOJA,MONTEVIDEO,2024-06-22,19:49,2024-06-23,13:31,3622.27,12.2,10,RECHAZADO,2024-06-22 19:49:00,2024-06-23 13:31:00,17.7,2.2,1.6999999999999993
MOV-00631,B-023,ONE-PARANA,R-05,MUELLE-F,CONTENEDORES,SHANGHAI,2020-03-17,07:00,2020-03-17,03:45,3430.69,12.7,10,EN_REVISION,2020-03-17 07:00:00,2020-03-17 03:45:00,-3.25,2.7,2.2
MOV-00637,B-011,HAPAG-RIO,R-03,MUELLE-C,GRANOS,SHANGHAI,2024-08-29,08:42,2024-08-31,04:31,2712.13,14.3,12,DESPACHADO,2024-08-29 08:42:00,2024-08-31 04:31:00,43.81666666666667,2.3000000000000007,1.6999999999999993
MOV-00638,B-029,CMA-ROSARIO,R-08,MUELLE-F,MAIZ,SHANGHAI,2024-07-01,18:50,2024-07-03,17:21,5446.59,14.4,10,DESPACHADO,2024-07-01 18:50:00,2024-07-03 17:21:00,46.516666666666666,4.4,3.9
MOV-00640,B-025,PIL-SANTA,R-04,MUELLE-B,MINERALES,MONTEVIDEO,2020-10-22,03:24,2020-10-23,17:37,7345.88,12.8,10,PENDIENTE,2020-10-22 03:24:00,2020-10-23 17:37:00,38.21666666666667,2.8000000000000007,2.3000000000000007
MOV-00646,B-035,ONEPARANA,R-02,MUELLE-C,MINERALES,BUENOS AIRES,2024-08-17,13:37,2024-08-19,16:38,3369.33,12.7,10,DESPACHADO,2024-08-17 13:37:00,2024-08-19 16:38:00,51.016666666666666,2.7,2.2
MOV-00649,B-039,CMA-ROSARIO,R-02,MUELLE-F,TRIGO,SHANGHAI,2022-12-18,15:20,2022-12-18,00:00,3423.65,13.0,10,PENDIENTE,2022-12-18 15:20:00,,,3.0,2.5
MOV-00653,B-033,COSCO-TIGRE,R-01,MUELLE-C,MAIZ,BUENOS AIRES,2020-03-21,12:25,2020-03-23,22:52,5338.36,13.4,12,DESPACHADO,2020-03-21 12:25:00,2020-03-23 22:52:00,58.45,1.4000000000000004,0.7999999999999989
MOV-00654,B-035,ZIM-NORTE,R-04,MUELLE-E,MINERALES,VALPARAISO,2020-01-30,04:59,2020-02-01,05:28,,11.0,10,DESPACHADO,2020-01-30 04:59:00,2020-02-01 05:28:00,48.48333333333333,1.0,0.5
MOV-00659,B-004,ONE-PLATA,R-01,MUELLE-C,HARINA,BUENOS AIRES,2021-04-16,11:40,2021-04-17,10:18,4025.69,12.8,12,EN_REVISION,2021-04-16 11:40:00,2021-04-17 10:18:00,22.633333333333333,0.8000000000000007,0.1999999999999993
MOV-00660,B-022,ZIM-DELTA,,MUELLE-E,GRANOS,SAO PAULO,2024-11-24,02:44,2024-11-25,19:46,5595.41,13.5,10,PENDIENTE,2024-11-24 02:44:00,2024-11-25 19:46:00,41.03333333333333,3.5,3.0
MOV-00661,B-021,COSCO-STAR,R-06,MUELLE-B,SOJA,HAMBURG,2021-11-01,23:14,2021-11-04,19:17,3097.93,15.1,10,EN_REVISION,2021-11-01 23:14:00,2021-11-04 19:17:00,68.05,5.1,4.6
MOV-00663,B-019,COSCO-TIGRE,R-05,MUELLE-F,HARINA,HAMBURG,2024-08-14,15:21,2024-08-16,01:02,3575.34,13.5,12,EN_REVISION,2024-08-14 15:21:00,2024-08-16 01:02:00,33.68333333333333,1.5,0.8999999999999986
MOV-00670,B-001,CMA-ROSARIO,R-08,MUELLE-B,GRANOS,VALPARAISO,2024-10-21,16:55,2024-10-22,00:41,4182.22,12.2,10,PENDIENTE,2024-10-21 16:55:00,2024-10-22 00:41:00,7.766666666666667,2.2,1.6999999999999993
MOV-00673,B-026,CMA-ROSARIO,R-06,MUELLE-C,MAIZ,SANTA FE,2020-06-23,00:00,2020-06-25,02:22,7118.7,14.4,10,EN_REVISION,,2020-06-25 02:22:00,,4.4,3.9
MOV-00677,B-017,MSC-ALPHA,R-05,MUELLE-F,CONTENEDORES,BUENOS AIRES,2022-08-28,00:29,2022-08-29,18:04,5556.49,13.2,10,RECHAZADO,2022-08-28 00:29:00,2022-08-29 18:04:00,41.583333333333336,3.2,2.7
MOV-00682,B-038,MAERSK-LIMA,R-01,MUELLE-A,SOJA,BUENOS AIRES,2023-04-02,02:24,2023-04-03,02:38,6573.54,15.7,10,EN_REVISION,2023-04-02 02:24:00,2023-04-03 02:38:00,24.23333333333333,5.699999999999999,5.199999999999999
MOV-00684,B-002,ONE-PARANA,R-05,MUELLE-F,GRANOS,BUENOS AIRES,2022-04-25,13:01,2022-04-28,17:22,5586.76,16.9,12,EN_REVISION,2022-04-25 13:01:00,2022-04-28 17:22:00,76.35,4.899999999999999,4.299999999999997
MOV-00692,B-012,COSCO-STAR,R-03,MUELLE-C,HARINA,SAO PAULO,2024-11-02,00:07,2024-11-04,17:40,6679.2,14.4,10,EN_REVISION,2024-11-02 00:07:00,2024-11-04 17:40:00,65.55,4.4,3.9
MOV-00700,B-003,YANGESTE,R-08,MUELLE-B,TRIGO,ROTTERDAM,2024-04-02,23:53,2024-04-05,06:49,6202.11,16.3,12,DESPACHADO,2024-04-02 23:53:00,2024-04-05 06:49:00,54.93333333333333,4.300000000000001,3.6999999999999993
MOV-00701,B-031,EVER-GLORY,R-04,MUELLE-A,MINERALES,SHANGHAI,2024-12-24,14:18,2024-12-25,14:17,6461.58,11.5,10,EN_REVISION,2024-12-24 14:18:00,2024-12-25 14:17:00,23.98333333333333,1.5,1.0
MOV-00704,B-039,CMA-LITORAL,R-08,MUELLE-F,ACEITE,SHANGHAI,2023-12-13,00:15,2023-12-15,10:14,6268.7,16.9,15,EN_REVISION,2023-12-13 00:15:00,2023-12-15 10:14:00,57.98333333333333,1.8999999999999984,1.1499999999999986
MOV-00709,B-028,YANG-MING,R-01,MUELLE-D,MINERALES,SHANGHAI,2023-01-22,00:42,2023-01-22,00:00,5143.23,11.5,10,RECHAZADO,2023-01-22 00:42:00,,,1.5,1.0
MOV-00710,B-013,ZIM-DELTA,R-04,MUELLE-B,GRANOS,MONTEVIDEO,2023-08-28,10:22,2023-08-28,02:24,4783.57,12.7,12,PENDIENTE,2023-08-28 10:22:00,2023-08-28 02:24:00,-7.966666666666667,0.6999999999999993,0.0999999999999978
MOV-00712,B-032,COSCO-TIGRE,R-04,MUELLE-A,MINERALES,HAMBURG,2020-01-31,12:11,2020-02-02,03:57,4176.01,10.7,10,EN_REVISION,2020-01-31 12:11:00,2020-02-02 03:57:00,39.766666666666666,0.6999999999999993,0.1999999999999993
MOV-00719,B-030,HAPAG-SUR,R-01,MUELLE-C,CONTENEDORES,VALPARAISO,2024-08-28,00:00,2024-08-30,00:00,6399.0,14.9,12,RECHAZADO,,,,2.9000000000000004,2.299999999999999
MOV-00720,B-013,MAERSK-PAMPAS,R-02,MUELLE-A,HARINA,VALPARAISO,2024-01-05,03:24,2024-01-07,23:02,5988.46,11.4,10,DESPACHADO,2024-01-05 03:24:00,2024-01-07 23:02:00,67.63333333333334,1.4000000000000004,0.9000000000000004
MOV-00721,B-003,PIL-SANTA,R-07,MUELLE-A,MINERALES,SHANGHAI,2020-06-26,15:39,2020-06-27,10:11,6227.19,14.2,10,EN_REVISION,2020-06-26 15:39:00,2020-06-27 10:11:00,18.53333333333333,4.199999999999999,3.6999999999999993
MOV-00723,B-021,PIL-OESTE,R-01,MUELLE-A,TRIGO,HAMBURG,2022-09-27,20:40,2022-09-30,09:41,4905.74,15.2,12,DESPACHADO,2022-09-27 20:40:00,2022-09-30 09:41:00,61.016666666666666,3.2,2.599999999999998
MOV-00727,B-036,MAERSK-PAMPAS,R-02,MUELLE-E,CONTENEDORES,HAMBURG,2024-04-10,02:25,1900-01-01,22:37,4319.91,13.1,10,DESPACHADO,2024-04-10 02:25:00,,,3.1,2.6
MOV-00732,B-035,MSC-GENOVA,R-07,MUELLE-E,SOJA,ROTTERDAM,2020-09-28,00:35,2020-09-28,19:23,5642.44,15.0,12,DESPACHADO,2020-09-28 00:35:00,2020-09-28 19:23:00,18.8,3.0,2.3999999999999986
MOV-00735,B-032,ZIM-DELTA,R-06,MUELLE-C,CONTENEDORES,ROTTERDAM,2022-05-26,01:24,2022-05-28,13:17,8053.38,12.0,10,PENDIENTE,2022-05-26 01:24:00,2022-05-28 13:17:00,59.88333333333333,2.0,1.5
MOV-00742,B-032,MAERSK-PAMPAS,R-01,MUELLE-D,CONTENEDORES,MONTEVIDEO,2023-11-17,15:26,2023-11-19,00:00,4823.77,13.0,10,PENDIENTE,2023-11-17 15:26:00,,,3.0,2.5
MOV-00747,B-001,HAPAG-SUR,R-08,MUELLE-C,ACEITE,VALPARAISO,2024-11-03,17:43,2024-11-04,23:09,3156.75,12.6,10,EN_REVISION,2024-11-03 17:43:00,2024-11-04 23:09:00,29.433333333333334,2.6,2.1
MOV-00751,B-022,COSCO-TIGRE,,MUELLE-B,MAIZ,SHANGHAI,2021-10-06,22:26,2021-10-09,09:06,6186.97,14.9,10,PENDIENTE,2021-10-06 22:26:00,2021-10-09 09:06:00,58.66666666666666,4.9,4.4
MOV-00752,B-005,EVERGREEN-02,R-06,MUELLE-A,SOJA,SHANGHAI,2023-10-23,23:40,2023-10-24,13:50,4810.76,11.0,10,PENDIENTE,2023-10-23 23:40:00,2023-10-24 13:50:00,14.166666666666666,1.0,0.5
MOV-00757,B-026,YANG-MING,R-04,MUELLE-B,MAIZ,MONTEVIDEO,2020-09-19,15:28,2020-09-22,15:53,6925.5,11.8,10,RECHAZADO,2020-09-19 15:28:00,2020-09-22 15:53:00,72.41666666666667,1.8000000000000007,1.3000000000000007
MOV-00761,B-011,CMA-ROSARIO,R-04,MUELLE-E,HARINA,HAMBURG,2020-11-26,10:25,2020-11-29,05:06,6176.84,17.6,15,EN_REVISION,2020-11-26 10:25:00,2020-11-29 05:06:00,66.68333333333334,2.6000000000000014,1.8500000000000008
MOV-00764,B-027,ONE-PLATA,R-03,MUELLE-C,GRANOS,SHANGHAI,2020-08-06,04:11,2020-08-07,17:22,,13.4,12,DESPACHADO,2020-08-06 04:11:00,2020-08-07 17:22:00,37.18333333333333,1.4000000000000004,0.7999999999999989
MOV-00770,B-024,MSC-ALPHA,R-05,MUELLE-D,GRANOS,ROTTERDAM,2021-03-26,20:30,2021-03-27,03:33,5120.67,15.3,10,PENDIENTE,2021-03-26 20:30:00,2021-03-27 03:33:00,7.05,5.300000000000001,4.800000000000001
MOV-00774,B-027,HAPAG-SUR,R-06,MUELLE-D,CONTENEDORES,SAO PAULO,2024-06-27,15:28,2024-06-29,20:00,4031.66,15.9,10,PENDIENTE,2024-06-27 15:28:00,2024-06-29 20:00:00,52.53333333333333,5.9,5.4
MOV-00775,B-015,ONE-PLATA,R-05,MUELLE-F,HARINA,VALPARAISO,2021-03-04,03:04,2021-03-05,14:14,3725.69,19.9,15,DESPACHADO,2021-03-04 03:04:00,2021-03-05 14:14:00,35.166666666666664,4.899999999999999,4.149999999999999
MOV-00776,B-039,COSCO-STAR,R-01,MUELLE-E,MINERALES,HAMBURG,2021-04-20,20:19,2021-04-22,00:17,2627.11,10.6,10,RECHAZADO,2021-04-20 20:19:00,2021-04-22 00:17:00,27.966666666666665,0.5999999999999996,0.0999999999999996
MOV-00785,B-021,COSCO-STAR,R-02,MUELLE-C,TRIGO,ROTTERDAM,2024-06-26,00:31,2024-06-26,15:10,4283.04,11.6,10,RECHAZADO,2024-06-26 00:31:00,2024-06-26 15:10:00,14.65,1.5999999999999996,1.0999999999999996
MOV-00786,B-005,EVERGREEN-02,R-05,MUELLE-B,TRIGO,SANTA FE,2021-01-13,16:27,2021-01-15,03:07,5750.18,12.4,10,RECHAZADO,2021-01-13 16:27:00,2021-01-15 03:07:00,34.666666666666664,2.4000000000000004,1.9000000000000004
MOV-00788,B-014,ZIM-DELTA,R-02,MUELLE-B,TRIGO,MONTEVIDEO,2024-06-19,06:10,2024-06-20,16:32,,14.7,10,EN_REVISION,2024-06-19 06:10:00,2024-06-20 16:32:00,34.36666666666667,4.699999999999999,4.199999999999999
MOV-00795,B-016,PIL-OESTE,R-05,MUELLE-F,GRANOS,BUENOS AIRES,2021-03-17,15:58,2021-03-20,00:00,5141.19,14.4,12,PENDIENTE,2021-03-17 15:58:00,,,2.4000000000000004,1.799999999999999
MOV-00801,B-012,CMA-LITORAL,,MUELLE-D,MAIZ,ROTTERDAM,2022-01-21,00:16,2022-01-23,03:38,6169.43,15.2,12,RECHAZADO,2022-01-21 00:16:00,2022-01-23 03:38:00,51.36666666666667,3.2,2.599999999999998
MOV-00803,B-013,EVERGREEN-02,R-05,MUELLE-A,GRANOS,VALPARAISO,2022-07-15,19:51,2022-07-16,02:08,6942.07,13.2,12,DESPACHADO,2022-07-15 19:51:00,2022-07-16 02:08:00,6.283333333333333,1.1999999999999993,0.5999999999999979
MOV-00810,B-029,HAPAG-RIO,R-02,MUELLE-D,HARINA,MONTEVIDEO,2022-04-14,14:34,2022-04-15,12:28,,11.4,10,PENDIENTE,2022-04-14 14:34:00,2022-04-15 12:28:00,21.9,1.4000000000000004,0.9000000000000004
MOV-00811,B-020,ZIM-NORTE,R-06,MUELLE-A,MAIZ,MONTEVIDEO,2020-08-05,00:00,2020-08-07,00:40,3442.13,14.2,10,DESPACHADO,,2020-08-07 00:40:00,,4.199999999999999,3.6999999999999993
MOV-00819,B-023,HAPAG-SUR,R-08,MUELLE-B,ACEITE,BUENOS AIRES,2021-02-20,07:41,2021-02-23,22:15,4874.48,11.1,10,EN_REVISION,2021-02-20 07:41:00,2021-02-23 22:15:00,86.56666666666666,1.0999999999999996,0.5999999999999996
MOV-00822,B-006,PIL-OESTE,R-04,MUELLE-C,GRANOS,SANTA FE,2020-08-12,15:22,2020-08-15,06:01,5837.64,13.7,12,DESPACHADO,2020-08-12 15:22:00,2020-08-15 06:01:00,62.65,1.6999999999999993,1.099999999999998
MOV-00825,B-024,ONE-PARANA,R-05,MUELLE-C,SOJA,SHANGHAI,2022-01-26,07:23,2022-01-27,23:29,4125.54,16.2,15,RECHAZADO,2022-01-26 07:23:00,2022-01-27 23:29:00,40.1,1.1999999999999993,0.4499999999999993
MOV-00830,B-032,PIL-OESTE,R-02,MUELLE-A,ACEITE,SANTA FE,2022-05-08,00:01,2022-05-10,00:11,6161.38,12.8,10,DESPACHADO,2022-05-08 00:01:00,2022-05-10 00:11:00,48.16666666666666,2.8000000000000007,2.3000000000000007
MOV-00833,B-013,ZIM-DELTA,R-06,MUELLE-D,TRIGO,ROTTERDAM,2020-04-26,23:02,2020-04-27,15:09,5196.71,10.8,10,PENDIENTE,2020-04-26 23:02:00,2020-04-27 15:09:00,16.116666666666667,0.8000000000000007,0.3000000000000007
MOV-00836,B-007,COSCO-TIGRE,R-08,MUELLE-D,MINERALES,BUENOS AIRES,2023-09-09,00:00,2023-09-10,16:33,2598.84,12.8,10,RECHAZADO,,2023-09-10 16:33:00,,2.8000000000000007,2.3000000000000007
MOV-00837,B-033,MSC-GENOVA,R-04,MUELLE-D,CONTENEDORES,BUENOS AIRES,1900-01-01,20:38,2023-02-04,10:26,6061.36,11.8,10,RECHAZADO,,2023-02-04 10:26:00,,1.8000000000000007,1.3000000000000007
MOV-00847,B-030,EVER-GLORY,R-07,MUELLE-B,MINERALES,MONTEVIDEO,2021-05-27,12:06,2021-05-28,07:35,4308.5,13.0,12,DESPACHADO,2021-05-27 12:06:00,2021-05-28 07:35:00,19.48333333333333,1.0,0.3999999999999986
MOV-00848,B-011,MSC-GENOVA,R-01,MUELLE-D,TRIGO,BUENOS AIRES,2023-06-20,19:21,2023-06-21,19:33,5126.51,17.3,10,RECHAZADO,2023-06-20 19:21:00,2023-06-21 19:33:00,24.2,7.300000000000001,6.800000000000001
MOV-00851,B-029,ONE-PARANA,R-03,MUELLE-E,SOJA,ROTTERDAM,2024-02-06,16:31,2024-02-08,10:35,4802.02,10.9,10,PENDIENTE,2024-02-06 16:31:00,2024-02-08 10:35:00,42.06666666666667,0.9000000000000004,0.4000000000000003
MOV-00856,B-027,YANG-ESTE,R-08,MUELLE-B,CONTENEDORES,SHANGHAI,2022-07-17,13:31,2022-07-18,21:33,4544.43,12.9,10,EN_REVISION,2022-07-17 13:31:00,2022-07-18 21:33:00,32.03333333333333,2.9000000000000004,2.4000000000000004
MOV-00857,B-002,EVERGREEN-02,R-06,MUELLE-D,TRIGO,HAMBURG,2022-09-05,23:18,2022-09-06,16:58,5778.16,17.5,15,DESPACHADO,2022-09-05 23:18:00,2022-09-06 16:58:00,17.666666666666668,2.5,1.75
MOV-00858,B-030,MAERSK-PAMPAS,R-02,MUELLE-F,HARINA,MONTEVIDEO,2020-08-18,00:00,2020-08-21,00:00,4291.59,13.8,10,,,,,3.8000000000000007,3.3000000000000007
MOV-00861,B-032,MAERSK-LIMA,R-02,MUELLE-C,CONTENEDORES,SHANGHAI,2023-06-23,17:42,2023-06-24,23:46,3787.41,15.9,15,RECHAZADO,2023-06-23 17:42:00,2023-06-24 23:46:00,30.066666666666663,0.9000000000000004,0.1500000000000003
MOV-00865,B-013,COSCO-TIGRE,R-01,MUELLE-A,CONTENEDORES,SAO PAULO,2024-01-21,17:16,2024-01-23,15:44,4658.49,13.1,10,EN_REVISION,2024-01-21 17:16:00,2024-01-23 15:44:00,46.46666666666667,3.1,2.6
MOV-00870,B-035,ONE-PARANA,R-01,MUELLE-E,TRIGO,VALPARAISO,2021-08-25,00:24,2021-08-27,23:28,4677.89,16.2,10,PENDIENTE,2021-08-25 00:24:00,2021-08-27 23:28:00,71.06666666666666,6.199999999999999,5.699999999999999
MOV-00872,B-001,ZIM-DELTA,R-07,MUELLE-E,CONTENEDORES,VALPARAISO,2022-04-09,10:02,1900-01-01,20:53,5409.17,15.9,12,EN_REVISION,2022-04-09 10:02:00,,,3.9,3.299999999999999
MOV-00877,B-034,COSCO-TIGRE,R-08,MUELLE-A,TRIGO,ROTTERDAM,2024-03-10,13:13,2024-03-12,05:44,4663.82,12.5,10,EN_REVISION,2024-03-10 13:13:00,2024-03-12 05:44:00,40.516666666666666,2.5,2.0
MOV-00881,B-001,EVER-GLORY,R-05,MUELLE-D,GRANOS,BUENOS AIRES,2023-04-12,21:23,2023-04-15,03:51,5837.64,12.8,12,DESPACHADO,2023-04-12 21:23:00,2023-04-15 03:51:00,54.46666666666667,0.8000000000000007,0.1999999999999993
MOV-00885,B-024,COSCO-STAR,R-04,MUELLE-A,MAIZ,SHANGHAI,2024-04-30,10:34,2024-05-01,20:14,5864.55,18.1,12,EN_REVISION,2024-04-30 10:34:00,2024-05-01 20:14:00,33.666666666666664,6.100000000000001,5.5
MOV-00886,B-011,ZIM-NORTE,R-07,MUELLE-C,ACEITE,BUENOS AIRES,2021-03-16,17:13,2021-03-17,00:38,3040.12,13.2,10,RECHAZADO,2021-03-16 17:13:00,2021-03-17 00:38:00,7.416666666666667,3.2,2.7
MOV-00892,B-012,PIL-SANTA,R-01,MUELLE-D,ACEITE,VALPARAISO,1900-01-01,19:21,2023-11-20,19:54,4747.34,19.4,12,RECHAZADO,,2023-11-20 19:54:00,,7.399999999999999,6.799999999999997
MOV-00894,B-029,COSCO-STAR,R-01,MUELLE-B,GRANOS,SAO PAULO,2024-10-20,16:37,2024-10-22,02:17,6387.41,15.3,12,EN_REVISION,2024-10-20 16:37:00,2024-10-22 02:17:00,33.666666666666664,3.3000000000000007,2.7
MOV-00895,B-027,HAPAG-SUR,R-04,MUELLE-F,GRANOS,SHANGHAI,2020-01-17,17:16,2020-01-20,00:00,6363.93,15.5,12,PENDIENTE,2020-01-17 17:16:00,,,3.5,2.8999999999999986
MOV-00898,B-008,YANGESTE,R-08,MUELLE-D,HARINA,SHANGHAI,2020-05-27,11:49,2020-05-29,10:41,4860.03,15.0,12,PENDIENTE,2020-05-27 11:49:00,2020-05-29 10:41:00,46.86666666666667,3.0,2.3999999999999986
MOV-00912,B-024,ONE-PARANA,R-03,MUELLE-C,ACEITE,VALPARAISO,2024-06-20,00:00,2024-06-22,13:38,5513.86,11.3,10,EN_REVISION,,2024-06-22 13:38:00,,1.3000000000000007,0.8000000000000007
MOV-00914,B-031,MAERSK-PAMPAS,R-02,MUELLE-E,TRIGO,HAMBURG,2022-09-16,13:41,2022-09-19,15:42,6005.7,15.2,10,RECHAZADO,2022-09-16 13:41:00,2022-09-19 15:42:00,74.01666666666667,5.199999999999999,4.699999999999999
MOV-00915,B-020,MSC-ALPHA,R-07,MUELLE-C,CONTENEDORES,HAMBURG,1900-01-01,10:45,2020-03-17,05:08,6279.19,14.6,12,EN_REVISION,,2020-03-17 05:08:00,,2.6,1.9999999999999984
MOV-00920,B-015,COSCO-STAR,R-08,MUELLE-B,GRANOS,SAO PAULO,2024-03-12,23:46,2024-03-15,15:28,5699.56,15.5,12,PENDIENTE,2024-03-12 23:46:00,2024-03-15 15:28:00,63.7,3.5,2.8999999999999986
MOV-00925,B-009,YANG-ESTE,R-05,MUELLE-A,MAIZ,SHANGHAI,2024-05-27,12:55,2024-05-29,04:14,2737.29,12.6,10,PENDIENTE,2024-05-27 12:55:00,2024-05-29 04:14:00,39.31666666666667,2.6,2.1
MOV-00926,B-001,MSC-ALPHA,R-04,MUELLE-D,CONTENEDORES,VALPARAISO,2023-02-15,13:35,2023-02-18,03:09,3572.99,16.0,12,PENDIENTE,2023-02-15 13:35:00,2023-02-18 03:09:00,61.56666666666667,4.0,3.3999999999999986
MOV-00934,B-004,MSC-GENOVA,R-01,MUELLE-E,HARINA,SANTA FE,2022-09-05,13:08,2022-09-07,02:36,4019.96,13.4,10,DESPACHADO,2022-09-05 13:08:00,2022-09-07 02:36:00,37.46666666666667,3.4000000000000004,2.9000000000000004
MOV-00941,B-017,COSCO-STAR,R-08,MUELLE-A,ACEITE,HAMBURG,2022-06-04,07:11,2022-06-07,20:13,3160.82,17.7,12,EN_REVISION,2022-06-04 07:11:00,2022-06-07 20:13:00,85.03333333333333,5.699999999999999,5.099999999999998
MOV-00943,B-004,ONE-PARANA,R-03,MUELLE-D,SOJA,SAO PAULO,2023-09-06,03:24,2023-09-07,03:04,,19.9,12,DESPACHADO,2023-09-06 03:24:00,2023-09-07 03:04:00,23.666666666666668,7.899999999999999,7.299999999999997
MOV-00949,B-025,CMA-ROSARIO,R-08,MUELLE-F,TRIGO,SHANGHAI,2020-10-24,10:09,2020-10-26,00:00,2872.48,11.3,10,DESPACHADO,2020-10-24 10:09:00,,,1.3000000000000007,0.8000000000000007
MOV-00950,B-003,PIL-SANTA,R-02,MUELLE-E,MAIZ,SANTA FE,2023-12-24,17:51,2023-12-25,04:42,6103.83,13.3,10,EN_REVISION,2023-12-24 17:51:00,2023-12-25 04:42:00,10.85,3.3000000000000007,2.8000000000000007
MOV-00952,B-008,YANG-ESTE,R-04,MUELLE-F,CONTENEDORES,SANTA FE,2024-11-23,16:36,2024-11-24,05:22,5807.37,13.2,10,RECHAZADO,2024-11-23 16:36:00,2024-11-24 05:22:00,12.766666666666667,3.2,2.7
MOV-00957,B-007,MSC-GENOVA,R-01,MUELLE-D,MINERALES,SANTA FE,2023-09-01,15:20,2023-09-03,15:10,,14.5,10,DESPACHADO,2023-09-01 15:20:00,2023-09-03 15:10:00,47.833333333333336,4.5,4.0
MOV-00962,B-010,EVERGREEN-02,R-06,MUELLE-B,GRANOS,SHANGHAI,2020-01-15,01:42,2020-01-15,22:14,4463.38,10.7,10,DESPACHADO,2020-01-15 01:42:00,2020-01-15 22:14:00,20.53333333333333,0.6999999999999993,0.1999999999999993
MOV-00969,B-036,YANG-MING,R-03,MUELLE-B,TRIGO,SANTA FE,2020-03-06,23:32,2020-03-07,07:01,3904.63,11.2,10,DESPACHADO,2020-03-06 23:32:00,2020-03-07 07:01:00,7.483333333333333,1.1999999999999993,0.6999999999999993
MOV-00970,B-023,YANG-MING,R-06,MUELLE-B,MAIZ,SANTA FE,2024-09-26,00:35,2024-09-27,00:00,5291.34,12.8,12,,2024-09-26 00:35:00,,,0.8000000000000007,0.1999999999999993
MOV-00973,B-022,ZIMNORTE,R-01,MUELLE-A,ACEITE,BUENOS AIRES,2024-08-27,22:10,2024-08-30,17:01,4444.08,12.9,12,RECHAZADO,2024-08-27 22:10:00,2024-08-30 17:01:00,66.85,0.9000000000000004,0.2999999999999989
MOV-00981,B-024,ONE-PLATA,R-06,MUELLE-D,TRIGO,HAMBURG,2020-05-27,12:30,2020-05-30,09:53,1958.1,16.4,15,EN_REVISION,2020-05-27 12:30:00,2020-05-30 09:53:00,69.38333333333334,1.3999999999999986,0.6499999999999986
MOV-00983,B-022,MAERSK-LIMA,R-05,MUELLE-E,MINERALES,MONTEVIDEO,2020-09-19,07:17,2020-09-22,14:05,,11.4,10,EN_REVISION,2020-09-19 07:17:00,2020-09-22 14:05:00,78.8,1.4000000000000004,0.9000000000000004
MOV-00989,B-011,MAERSK-PAMPAS,R-01,MUELLE-C,HARINA,ROTTERDAM,2024-02-25,08:31,2024-02-27,10:35,3950.28,15.0,10,RECHAZADO,2024-02-25 08:31:00,2024-02-27 10:35:00,50.06666666666667,5.0,4.5
MOV-00990,B-031,HAPAG-SUR,R-05,MUELLE-A,MINERALES,SANTA FE,2024-05-07,01:27,2024-05-07,00:00,3814.45,13.7,12,EN_REVISION,2024-05-07 01:27:00,,,1.6999999999999993,1.099999999999998
MOV-00994,B-037,HAPAG-SUR,R-03,MUELLE-F,TRIGO,MONTEVIDEO,2023-06-23,15:23,2023-06-26,08:37,8161.82,16.5,10,DESPACHADO,2023-06-23 15:23:00,2023-06-26 08:37:00,65.23333333333333,6.5,6.0
MOV-00995,B-017,HAPAG-RIO,R-01,MUELLE-C,SOJA,ROTTERDAM,2022-06-21,09:02,2022-06-23,06:05,6580.17,15.4,10,EN_REVISION,2022-06-21 09:02:00,2022-06-23 06:05:00,45.05,5.4,4.9
MOV-00996,B-001,ONE-PLATA,R-06,MUELLE-C,MINERALES,BUENOS AIRES,2022-12-02,09:39,2022-12-04,18:08,4444.96,16.2,12,RECHAZADO,2022-12-02 09:39:00,2022-12-04 18:08:00,56.48333333333333,4.199999999999999,3.599999999999998
MOV-00997,B-012,PIL-SANTA,R-06,MUELLE-B,ACEITE,MONTEVIDEO,2020-07-04,22:03,2020-07-07,07:09,4951.59,10.6,10,RECHAZADO,2020-07-04 22:03:00,2020-07-07 07:09:00,57.1,0.5999999999999996,0.0999999999999996
MOV-00998,B-030,ONE-PARANA,R-05,MUELLE-F,GRANOS,SANTA FE,2020-11-13,11:39,2020-11-16,02:00,6421.14,16.8,12,PENDIENTE,2020-11-13 11:39:00,2020-11-16 02:00:00,62.35,4.800000000000001,4.199999999999999
MOV-00999,B-017,YANG-ESTE,R-05,MUELLE-D,HARINA,ROTTERDAM,2020-07-31,15:46,2020-08-02,13:21,4559.67,15.8,12,DESPACHADO,2020-07-31 15:46:00,2020-08-02 13:21:00,45.583333333333336,3.8000000000000007,3.2
MOV-01000,B-034,YANG-ESTE,R-08,MUELLE-E,MINERALES,HAMBURG,2024-12-14,14:48,2024-12-16,18:04,,14.6,12,EN_REVISION,2024-12-14 14:48:00,2024-12-16 18:04:00,51.266666666666666,2.6,1.9999999999999984
MOV-01002,B-017,ONE-PLATA,R-01,MUELLE-C,TRIGO,BUENOS AIRES,2023-07-25,09:15,2023-07-26,00:49,6833.54,13.0,12,RECHAZADO,2023-07-25 09:15:00,2023-07-26 00:49:00,15.566666666666666,1.0,0.3999999999999986
MOV-01003,B-009,COSCO-STAR,R-04,MUELLE-E,GRANOS,HAMBURG,2022-03-20,13:04,2022-03-22,00:00,3700.93,10.8,10,PENDIENTE,2022-03-20 13:04:00,,,0.8000000000000007,0.3000000000000007
MOV-01004,B-034,ZIM-NORTE,R-07,MUELLE-D,GRANOS,SHANGHAI,2022-12-13,09:11,2022-12-16,22:53,2908.46,16.3,15,EN_REVISION,2022-12-13 09:11:00,2022-12-16 22:53:00,85.7,1.3000000000000007,0.5500000000000007
MOV-01007,B-015,CMA-ROSARIO,R-03,MUELLE-E,ACEITE,HAMBURG,2020-03-26,23:09,2020-03-28,05:48,4727.22,13.7,12,DESPACHADO,2020-03-26 23:09:00,2020-03-28 05:48:00,30.65,1.6999999999999993,1.099999999999998
MOV-01010,B-015,ZIM-DELTA,R-06,MUELLE-D,GRANOS,SHANGHAI,2022-01-19,06:13,2022-01-21,00:00,6744.39,13.1,10,DESPACHADO,2022-01-19 06:13:00,,,3.1,2.6
MOV-01015,B-030,MAERSK-PAMPAS,R-07,MUELLE-A,MAIZ,HAMBURG,2020-11-04,00:49,2020-11-05,01:55,4842.18,13.5,10,PENDIENTE,2020-11-04 00:49:00,2020-11-05 01:55:00,25.1,3.5,3.0
MOV-01016,B-020,EVERGREEN-02,R-03,MUELLE-B,SOJA,BUENOS AIRES,2021-01-28,10:25,2021-01-29,01:51,4544.04,11.9,10,DESPACHADO,2021-01-28 10:25:00,2021-01-29 01:51:00,15.433333333333334,1.9000000000000004,1.4000000000000004
MOV-01017,B-040,MAERSK-LIMA,R-08,MUELLE-C,GRANOS,SHANGHAI,2020-02-16,07:17,2020-02-17,07:27,6464.22,15.1,10,DESPACHADO,2020-02-16 07:17:00,2020-02-17 07:27:00,24.166666666666668,5.1,4.6
MOV-01024,B-021,PIL-SANTA,R-06,MUELLE-E,ACEITE,ROTTERDAM,2024-10-09,02:05,2024-10-11,00:00,5855.41,12.4,10,RECHAZADO,2024-10-09 02:05:00,,,2.4000000000000004,1.9000000000000004
MOV-01025,B-015,ZIM-NORTE,R-06,MUELLE-F,GRANOS,SHANGHAI,2021-06-13,00:49,2021-06-13,07:51,7100.77,12.7,10,RECHAZADO,2021-06-13 00:49:00,2021-06-13 07:51:00,7.033333333333333,2.7,2.2
MOV-01030,B-032,PIL-OESTE,R-02,MUELLE-A,CONTENEDORES,BUENOS AIRES,2022-02-20,22:41,2022-02-21,00:00,4619.32,14.9,12,DESPACHADO,2022-02-20 22:41:00,,,2.9000000000000004,2.299999999999999
MOV-01032,B-035,MAERSK-PAMPAS,R-06,MUELLE-F,TRIGO,SAO PAULO,2024-04-01,00:00,2024-04-02,13:38,3807.48,12.8,12,EN_REVISION,,2024-04-02 13:38:00,,0.8000000000000007,0.1999999999999993
MOV-01037,B-004,MSC-GENOVA,R-05,MUELLE-B,TRIGO,VALPARAISO,2021-02-08,06:14,2021-02-09,04:33,5368.34,15.1,12,DESPACHADO,2021-02-08 06:14:00,2021-02-09 04:33:00,22.316666666666663,3.1,2.4999999999999982
MOV-01038,B-024,MAERSK-LIMA,R-08,MUELLE-D,CONTENEDORES,SANTA FE,2021-09-21,09:46,2021-09-22,14:15,4343.42,17.5,12,RECHAZADO,2021-09-21 09:46:00,2021-09-22 14:15:00,28.48333333333333,5.5,4.899999999999999
MOV-01044,B-032,ONE-PARANA,R-04,MUELLE-E,MINERALES,SANTA FE,2023-09-12,10:24,2023-09-14,07:20,6958.44,17.3,10,EN_REVISION,2023-09-12 10:24:00,2023-09-14 07:20:00,44.93333333333333,7.300000000000001,6.800000000000001
MOV-01045,B-021,YANG-ESTE,R-04,MUELLE-E,GRANOS,ROTTERDAM,2020-04-02,16:55,2020-04-04,15:08,4991.95,11.0,10,PENDIENTE,2020-04-02 16:55:00,2020-04-04 15:08:00,46.21666666666667,1.0,0.5
MOV-01053,B-028,MSC-GENOVA,R-02,MUELLE-D,HARINA,BUENOS AIRES,2024-09-15,01:56,2024-09-15,09:08,,17.0,12,DESPACHADO,2024-09-15 01:56:00,2024-09-15 09:08:00,7.2,5.0,4.399999999999999
MOV-01054,B-033,EVER-GLORY,R-07,MUELLE-B,MINERALES,VALPARAISO,2023-11-02,19:40,2023-11-04,23:13,3706.02,14.4,10,EN_REVISION,2023-11-02 19:40:00,2023-11-04 23:13:00,51.55,4.4,3.9
MOV-01055,B-035,YANGMING,R-08,MUELLE-D,CONTENEDORES,BUENOS AIRES,2022-10-11,04:33,2022-10-13,17:46,5181.55,13.3,12,EN_REVISION,2022-10-11 04:33:00,2022-10-13 17:46:00,61.21666666666667,1.3000000000000007,0.6999999999999993
MOV-01056,B-035,COSCO-TIGRE,R-07,MUELLE-A,TRIGO,VALPARAISO,2023-05-02,20:50,2023-05-05,20:09,4640.71,19.1,15,PENDIENTE,2023-05-02 20:50:00,2023-05-05 20:09:00,71.31666666666666,4.100000000000001,3.3500000000000014
MOV-01058,B-022,YANG-ESTE,R-04,MUELLE-C,MAIZ,SAO PAULO,2020-01-14,19:05,2020-01-15,11:00,6333.8,15.4,10,PENDIENTE,2020-01-14 19:05:00,2020-01-15 11:00:00,15.916666666666666,5.4,4.9
MOV-01059,B-013,CMA-LITORAL,R-08,MUELLE-E,MAIZ,VALPARAISO,2022-05-24,16:09,2022-05-26,05:01,5021.5,10.6,10,DESPACHADO,2022-05-24 16:09:00,2022-05-26 05:01:00,36.86666666666667,0.5999999999999996,0.0999999999999996
MOV-01061,B-002,MSC-ALPHA,R-01,MUELLE-B,HARINA,SHANGHAI,2022-11-12,15:10,2022-11-12,13:02,5240.64,16.9,10,EN_REVISION,2022-11-12 15:10:00,2022-11-12 13:02:00,-2.1333333333333333,6.899999999999999,6.399999999999999
MOV-01067,B-026,EVER-GLORY,R-05,MUELLE-E,ACEITE,SAO PAULO,2021-02-25,10:33,2021-02-27,10:50,5380.8,14.1,12,DESPACHADO,2021-02-25 10:33:00,2021-02-27 10:50:00,48.28333333333333,2.1,1.4999999999999982
MOV-01070,B-015,YANG-ESTE,R-02,MUELLE-C,HARINA,SANTA FE,2021-05-29,00:00,1900-01-01,14:56,4588.3,16.9,12,EN_REVISION,,,,4.899999999999999,4.299999999999997
MOV-01076,B-018,MSC-GENOVA,R-08,MUELLE-B,MINERALES,SAO PAULO,2021-12-21,00:46,2021-12-23,00:00,7398.82,10.8,10,DESPACHADO,2021-12-21 00:46:00,,,0.8000000000000007,0.3000000000000007
MOV-01082,B-003,ZIM-NORTE,R-06,MUELLE-F,TRIGO,SANTA FE,2022-08-02,20:56,2022-08-04,16:44,8203.39,11.8,10,,2022-08-02 20:56:00,2022-08-04 16:44:00,43.8,1.8000000000000007,1.3000000000000007
MOV-01084,B-035,CMA-ROSARIO,R-01,MUELLE-F,CONTENEDORES,MONTEVIDEO,2020-03-07,18:15,2020-03-08,00:00,4230.56,17.8,15,DESPACHADO,2020-03-07 18:15:00,,,2.8000000000000007,2.0500000000000007
MOV-01086,B-037,MAERSK-PAMPAS,R-06,MUELLE-C,HARINA,HAMBURG,2024-08-15,22:48,2024-08-17,02:44,6712.93,15.2,10,RECHAZADO,2024-08-15 22:48:00,2024-08-17 02:44:00,27.933333333333334,5.199999999999999,4.699999999999999
MOV-01090,B-022,EVERGREEN-02,R-07,MUELLE-B,SOJA,ROTTERDAM,2022-09-17,22:55,2022-09-20,09:02,5614.22,17.1,15,PENDIENTE,2022-09-17 22:55:00,2022-09-20 09:02:00,58.11666666666667,2.1000000000000014,1.3500000000000014
MOV-01094,B-039,MSC-ALPHA,,MUELLE-F,MINERALES,HAMBURG,2022-03-05,16:28,2022-03-06,16:55,4780.17,15.8,12,EN_REVISION,2022-03-05 16:28:00,2022-03-06 16:55:00,24.45,3.8000000000000007,3.2
MOV-01101,B-030,MAERSK-LIMA,R-05,MUELLE-D,TRIGO,MONTEVIDEO,2022-06-27,09:15,2022-06-28,04:04,4896.08,13.2,10,DESPACHADO,2022-06-27 09:15:00,2022-06-28 04:04:00,18.816666666666663,3.2,2.7
MOV-01102,B-004,ZIM-DELTA,R-07,MUELLE-F,MINERALES,SANTA FE,2020-01-16,11:57,2020-01-18,01:47,3999.93,12.7,10,PENDIENTE,2020-01-16 11:57:00,2020-01-18 01:47:00,37.833333333333336,2.7,2.2
MOV-01110,B-037,MAERSK-LIMA,R-03,MUELLE-B,GRANOS,SHANGHAI,2024-10-18,23:53,2024-10-21,10:40,6131.23,11.5,10,DESPACHADO,2024-10-18 23:53:00,2024-10-21 10:40:00,58.78333333333333,1.5,1.0
MOV-01111,B-032,PIL-SANTA,R-08,MUELLE-C,MINERALES,HAMBURG,2023-09-27,21:21,2023-09-29,23:40,2561.03,18.2,15,PENDIENTE,2023-09-27 21:21:00,2023-09-29 23:40:00,50.31666666666667,3.2,2.45
MOV-01117,B-011,COSCO-TIGRE,R-03,MUELLE-C,ACEITE,SHANGHAI,2020-09-09,07:21,2020-09-10,22:33,4381.74,12.9,10,EN_REVISION,2020-09-09 07:21:00,2020-09-10 22:33:00,39.2,2.9000000000000004,2.4000000000000004
MOV-01119,B-028,PIL-SANTA,R-02,MUELLE-E,ACEITE,VALPARAISO,2022-03-13,11:46,2022-03-13,19:31,5643.15,16.2,12,DESPACHADO,2022-03-13 11:46:00,2022-03-13 19:31:00,7.75,4.199999999999999,3.599999999999998
MOV-01123,B-016,HAPAG-RIO,R-01,MUELLE-B,ACEITE,SAO PAULO,1900-01-01,01:52,2024-06-28,01:46,5806.3,15.1,12,EN_REVISION,,2024-06-28 01:46:00,,3.1,2.4999999999999982
MOV-01132,B-031,MSC-GENOVA,R-04,MUELLE-F,MAIZ,SANTA FE,2021-06-07,06:46,2021-06-08,04:43,5395.42,14.4,12,EN_REVISION,2021-06-07 06:46:00,2021-06-08 04:43:00,21.95,2.4000000000000004,1.799999999999999
MOV-01135,B-038,COSCO-TIGRE,R-05,MUELLE-F,GRANOS,SAO PAULO,2022-11-10,10:39,2022-11-11,04:46,4203.33,14.8,12,DESPACHADO,2022-11-10 10:39:00,2022-11-11 04:46:00,18.116666666666667,2.8000000000000007,2.2
MOV-01138,B-020,ZIM-NORTE,R-07,MUELLE-D,MINERALES,BUENOS AIRES,2020-09-15,00:00,2020-09-18,15:38,,14.4,12,,,2020-09-18 15:38:00,,2.4000000000000004,1.799999999999999
MOV-01140,B-013,EVER-GLORY,R-02,MUELLE-E,CONTENEDORES,VALPARAISO,2022-01-01,22:24,2022-01-04,12:34,5329.75,12.9,12,,2022-01-01 22:24:00,2022-01-04 12:34:00,62.16666666666666,0.9000000000000004,0.2999999999999989
MOV-01141,B-022,ONE-PARANA,R-07,MUELLE-B,ACEITE,BUENOS AIRES,2021-06-12,00:00,2021-06-12,01:09,5128.97,13.1,12,PENDIENTE,,2021-06-12 01:09:00,,1.0999999999999996,0.4999999999999982
MOV-01148,B-029,MAERSK-LIMA,R-04,MUELLE-B,MAIZ,VALPARAISO,2022-03-18,21:58,2022-03-19,11:09,5857.98,15.4,10,DESPACHADO,2022-03-18 21:58:00,2022-03-19 11:09:00,13.183333333333334,5.4,4.9
MOV-01150,B-013,CMA-ROSARIO,R-08,MUELLE-E,TRIGO,ROTTERDAM,2020-03-25,00:08,2020-03-27,08:53,7654.71,15.6,10,PENDIENTE,2020-03-25 00:08:00,2020-03-27 08:53:00,56.75,5.6,5.1
MOV-01154,B-035,MAERSK-PAMPAS,R-08,MUELLE-F,ACEITE,HAMBURG,2023-04-18,10:36,2023-04-19,00:00,4191.98,15.2,10,EN_REVISION,2023-04-18 10:36:00,,,5.199999999999999,4.699999999999999
MOV-01156,B-024,ZIM-NORTE,R-06,MUELLE-D,HARINA,BUENOS AIRES,2022-07-26,20:09,2022-07-29,00:00,6627.78,13.5,12,DESPACHADO,2022-07-26 20:09:00,,,1.5,0.8999999999999986
MOV-01157,B-034,CMA-ROSARIO,R-05,MUELLE-B,MINERALES,SANTA FE,2023-07-10,18:12,2023-07-12,00:29,4070.5,12.9,12,EN_REVISION,2023-07-10 18:12:00,2023-07-12 00:29:00,30.28333333333333,0.9000000000000004,0.2999999999999989
MOV-01159,B-035,ONE-PARANA,R-07,MUELLE-F,GRANOS,SAO PAULO,2024-08-08,07:52,2024-08-10,17:52,5779.39,18.3,10,,2024-08-08 07:52:00,2024-08-10 17:52:00,58.0,8.3,7.800000000000001
MOV-01162,B-038,ONE-PLATA,,MUELLE-A,ACEITE,SANTA FE,2024-10-29,04:42,2024-10-29,16:28,2836.28,13.4,10,DESPACHADO,2024-10-29 04:42:00,2024-10-29 16:28:00,11.766666666666667,3.4000000000000004,2.9000000000000004
MOV-01165,B-020,MAERSK-PAMPAS,R-07,MUELLE-B,GRANOS,SAO PAULO,2020-04-23,06:05,2020-04-24,00:00,5159.21,10.8,10,PENDIENTE,2020-04-23 06:05:00,,,0.8000000000000007,0.3000000000000007
MOV-01166,B-010,PIL-OESTE,R-07,MUELLE-A,ACEITE,BUENOS AIRES,2021-12-10,14:45,2021-12-13,00:00,5577.54,15.8,12,EN_REVISION,2021-12-10 14:45:00,,,3.8000000000000007,3.2
MOV-01167,B-035,PIL-OESTE,R-06,MUELLE-F,CONTENEDORES,VALPARAISO,2021-10-31,21:24,2021-11-01,18:23,3555.13,12.8,10,DESPACHADO,2021-10-31 21:24:00,2021-11-01 18:23:00,20.98333333333333,2.8000000000000007,2.3000000000000007
MOV-01170,B-035,COSCO-STAR,R-05,MUELLE-A,TRIGO,SANTA FE,2024-03-29,16:53,2024-03-31,09:22,3873.0,18.6,15,RECHAZADO,2024-03-29 16:53:00,2024-03-31 09:22:00,40.48333333333333,3.6000000000000014,2.8500000000000014
MOV-01171,B-037,YANG-ESTE,R-08,MUELLE-A,MAIZ,VALPARAISO,2020-06-25,00:58,2020-06-25,14:08,7750.98,12.2,10,EN_REVISION,2020-06-25 00:58:00,2020-06-25 14:08:00,13.166666666666666,2.2,1.6999999999999993
MOV-01176,B-022,YANG-MING,R-07,MUELLE-C,CONTENEDORES,BUENOS AIRES,2023-09-01,00:15,2023-09-02,01:54,5888.26,15.8,12,RECHAZADO,2023-09-01 00:15:00,2023-09-02 01:54:00,25.65,3.8000000000000007,3.2
MOV-01177,B-030,MSC-ALPHA,R-08,MUELLE-B,ACEITE,BUENOS AIRES,2022-03-21,18:43,2022-03-23,00:00,6508.01,15.0,12,EN_REVISION,2022-03-21 18:43:00,,,3.0,2.3999999999999986
MOV-01178,B-017,CMA-ROSARIO,R-02,MUELLE-A,MAIZ,MONTEVIDEO,2021-12-24,15:58,2021-12-26,14:34,,16.3,12,PENDIENTE,2021-12-24 15:58:00,2021-12-26 14:34:00,46.6,4.300000000000001,3.6999999999999993
MOV-01179,B-010,MAERSK-LIMA,R-01,MUELLE-E,TRIGO,SHANGHAI,2023-05-26,04:10,2023-05-28,14:41,3745.37,19.7,10,PENDIENTE,2023-05-26 04:10:00,2023-05-28 14:41:00,58.516666666666666,9.7,9.2
MOV-01180,B-014,YANGMING,R-08,MUELLE-D,MINERALES,SANTA FE,2021-09-28,09:25,2021-09-30,16:11,6227.97,11.0,10,DESPACHADO,2021-09-28 09:25:00,2021-09-30 16:11:00,54.766666666666666,1.0,0.5
MOV-01182,B-017,PIL-SANTA,R-07,MUELLE-D,CONTENEDORES,BUENOS AIRES,2023-05-12,23:47,2023-05-15,11:43,3290.84,17.6,12,DESPACHADO,2023-05-12 23:47:00,2023-05-15 11:43:00,59.93333333333333,5.600000000000001,5.0
MOV-01191,B-007,COSCO-STAR,R-03,MUELLE-A,TRIGO,VALPARAISO,2022-12-29,00:04,2022-12-29,00:00,4290.01,12.9,12,DESPACHADO,2022-12-29 00:04:00,,,0.9000000000000004,0.2999999999999989
MOV-01193,B-038,MSC-ALPHA,R-03,MUELLE-C,CONTENEDORES,SANTA FE,2022-07-10,13:19,2022-07-12,15:57,3452.63,12.4,10,DESPACHADO,2022-07-10 13:19:00,2022-07-12 15:57:00,50.63333333333333,2.4000000000000004,1.9000000000000004
MOV-01194,B-013,CMA-ROSARIO,R-01,MUELLE-E,ACEITE,MONTEVIDEO,2022-01-08,22:32,2022-01-11,11:45,,11.4,10,EN_REVISION,2022-01-08 22:32:00,2022-01-11 11:45:00,61.21666666666667,1.4000000000000004,0.9000000000000004
MOV-01197,B-008,YANG-MING,R-04,MUELLE-C,HARINA,MONTEVIDEO,2024-12-26,18:16,2024-12-28,05:53,6190.05,13.6,12,DESPACHADO,2024-12-26 18:16:00,2024-12-28 05:53:00,35.61666666666667,1.5999999999999996,0.9999999999999982
MOV-01200,B-027,MSC-GENOVA,R-07,MUELLE-D,CONTENEDORES,BUENOS AIRES,2022-04-26,07:47,2022-04-28,07:36,3274.43,16.2,15,DESPACHADO,2022-04-26 07:47:00,2022-04-28 07:36:00,47.81666666666667,1.1999999999999993,0.4499999999999993
MOV-01201,B-011,MSC-ALPHA,R-01,MUELLE-B,TRIGO,BUENOS AIRES,2021-01-18,15:10,2021-01-21,04:03,7531.65,13.8,10,RECHAZADO,2021-01-18 15:10:00,2021-01-21 04:03:00,60.88333333333333,3.8000000000000007,3.3000000000000007
MOV-01202,B-029,ONE-PLATA,R-05,MUELLE-B,GRANOS,SANTA FE,2020-10-06,08:25,2020-10-06,05:27,4783.15,14.4,12,DESPACHADO,2020-10-06 08:25:00,2020-10-06 05:27:00,-2.966666666666667,2.4000000000000004,1.799999999999999
MOV-01205,B-009,PIL-SANTA,R-06,MUELLE-E,HARINA,SANTA FE,2021-10-20,12:23,2021-10-21,09:36,6629.32,11.6,10,EN_REVISION,2021-10-20 12:23:00,2021-10-21 09:36:00,21.216666666666665,1.5999999999999996,1.0999999999999996
MOV-01208,B-025,ZIM-DELTA,R-06,MUELLE-B,HARINA,ROTTERDAM,2020-12-09,00:17,2020-12-09,12:59,4266.47,16.4,15,DESPACHADO,2020-12-09 00:17:00,2020-12-09 12:59:00,12.7,1.3999999999999986,0.6499999999999986
MOV-01212,B-008,YANG-MING,R-05,MUELLE-E,MINERALES,ROTTERDAM,2021-08-08,17:15,2021-08-10,00:00,7199.03,16.4,12,PENDIENTE,2021-08-08 17:15:00,,,4.399999999999999,3.799999999999997
MOV-01221,B-034,HAPAG-RIO,R-08,MUELLE-C,CONTENEDORES,SAO PAULO,2024-09-14,13:05,2024-09-15,17:58,6342.69,15.5,12,EN_REVISION,2024-09-14 13:05:00,2024-09-15 17:58:00,28.883333333333333,3.5,2.8999999999999986
MOV-01222,B-005,MAERSK-LIMA,R-02,MUELLE-F,MAIZ,BUENOS AIRES,2023-07-29,12:27,2023-07-31,06:18,3376.9,12.4,10,RECHAZADO,2023-07-29 12:27:00,2023-07-31 06:18:00,41.85,2.4000000000000004,1.9000000000000004
MOV-01223,B-039,PIL-SANTA,R-01,MUELLE-B,MINERALES,SHANGHAI,2024-02-29,03:42,2024-03-01,06:56,3969.48,15.8,15,PENDIENTE,2024-02-29 03:42:00,2024-03-01 06:56:00,27.23333333333333,0.8000000000000007,0.0500000000000007
MOV-01230,B-038,EVER-GLORY,R-01,MUELLE-D,TRIGO,SHANGHAI,2021-04-19,20:19,2021-04-22,19:42,2907.23,16.2,15,,2021-04-19 20:19:00,2021-04-22 19:42:00,71.38333333333334,1.1999999999999993,0.4499999999999993
MOV-01231,B-019,CMA-ROSARIO,R-05,MUELLE-F,MAIZ,SHANGHAI,2023-09-05,01:12,2023-09-07,02:29,,16.7,15,DESPACHADO,2023-09-05 01:12:00,2023-09-07 02:29:00,49.28333333333333,1.6999999999999993,0.9499999999999992
MOV-01238,B-013,ZIM-NORTE,R-01,MUELLE-F,TRIGO,MONTEVIDEO,2022-08-08,02:24,2022-08-08,19:37,6965.98,11.9,10,EN_REVISION,2022-08-08 02:24:00,2022-08-08 19:37:00,17.216666666666665,1.9000000000000004,1.4000000000000004
MOV-01242,B-034,YANG-ESTE,R-05,MUELLE-D,MINERALES,SAO PAULO,2020-02-03,17:18,2020-02-05,00:00,5304.84,14.9,10,RECHAZADO,2020-02-03 17:18:00,,,4.9,4.4
MOV-01244,B-007,MSC-GENOVA,R-05,MUELLE-E,CONTENEDORES,BUENOS AIRES,2024-03-10,00:00,2024-03-10,20:22,2474.46,17.7,12,DESPACHADO,,2024-03-10 20:22:00,,5.699999999999999,5.099999999999998
MOV-01245,B-005,MSC-GENOVA,,MUELLE-D,MINERALES,VALPARAISO,2024-10-03,04:58,2024-10-03,10:42,7432.37,11.5,10,EN_REVISION,2024-10-03 04:58:00,2024-10-03 10:42:00,5.733333333333333,1.5,1.0
MOV-01251,B-025,COSCO-TIGRE,R-07,MUELLE-A,MINERALES,MONTEVIDEO,2024-10-09,15:16,2024-10-10,23:20,3475.79,15.0,12,PENDIENTE,2024-10-09 15:16:00,2024-10-10 23:20:00,32.06666666666667,3.0,2.3999999999999986
MOV-01252,B-002,CMA-ROSARIO,R-07,MUELLE-E,ACEITE,HAMBURG,2022-05-07,17:18,2022-05-08,09:04,3714.01,15.3,12,RECHAZADO,2022-05-07 17:18:00,2022-05-08 09:04:00,15.766666666666667,3.3000000000000007,2.7
MOV-01253,B-015,MSC-GENOVA,R-04,MUELLE-E,ACEITE,SAO PAULO,2020-03-26,16:41,2020-03-29,13:54,6222.65,15.5,12,EN_REVISION,2020-03-26 16:41:00,2020-03-29 13:54:00,69.21666666666667,3.5,2.8999999999999986
MOV-01258,B-018,EVER-GLORY,R-08,MUELLE-C,CONTENEDORES,SANTA FE,2020-04-14,23:27,2020-04-16,04:57,5173.12,17.9,10,PENDIENTE,2020-04-14 23:27:00,2020-04-16 04:57:00,29.5,7.899999999999999,7.399999999999999
MOV-01266,B-024,COSCO-STAR,R-04,MUELLE-D,HARINA,SHANGHAI,2024-07-01,06:17,2024-07-02,23:47,8049.93,15.4,12,PENDIENTE,2024-07-01 06:17:00,2024-07-02 23:47:00,41.5,3.4000000000000004,2.799999999999999
MOV-01267,B-022,ZIM-DELTA,R-03,MUELLE-B,MAIZ,VALPARAISO,2020-01-05,03:17,2020-01-08,07:43,6748.66,13.1,10,RECHAZADO,2020-01-05 03:17:00,2020-01-08 07:43:00,76.43333333333334,3.1,2.6
MOV-01268,B-008,CMA-ROSARIO,R-07,MUELLE-E,SOJA,HAMBURG,2021-10-24,00:00,2021-10-24,22:25,5202.71,12.0,10,PENDIENTE,,2021-10-24 22:25:00,,2.0,1.5
MOV-01273,B-039,MAERSK-PAMPAS,R-03,MUELLE-D,CONTENEDORES,MONTEVIDEO,2024-07-09,05:30,2024-07-11,13:24,,15.7,10,PENDIENTE,2024-07-09 05:30:00,2024-07-11 13:24:00,55.9,5.699999999999999,5.199999999999999
MOV-01274,B-033,MSC-GENOVA,R-02,MUELLE-D,MINERALES,BUENOS AIRES,2024-11-11,00:08,2024-11-13,10:59,3642.69,13.9,12,DESPACHADO,2024-11-11 00:08:00,2024-11-13 10:59:00,58.85,1.9000000000000004,1.299999999999999
MOV-01275,B-028,CMA-LITORAL,R-01,MUELLE-D,CONTENEDORES,HAMBURG,2024-03-18,01:45,2024-03-18,09:48,3300.09,12.8,10,EN_REVISION,2024-03-18 01:45:00,2024-03-18 09:48:00,8.05,2.8000000000000007,2.3000000000000007
MOV-01276,B-019,CMA-ROSARIO,R-03,MUELLE-C,TRIGO,SAO PAULO,2022-09-03,14:49,2022-09-04,06:52,5418.76,13.2,12,PENDIENTE,2022-09-03 14:49:00,2022-09-04 06:52:00,16.05,1.1999999999999993,0.5999999999999979
MOV-01284,B-037,EVERGREEN-02,R-03,MUELLE-C,ACEITE,HAMBURG,2022-08-29,17:48,2022-08-30,00:29,3947.99,12.2,10,RECHAZADO,2022-08-29 17:48:00,2022-08-30 00:29:00,6.683333333333334,2.2,1.6999999999999993
MOV-01285,B-014,COSCO-TIGRE,R-04,MUELLE-A,CONTENEDORES,MONTEVIDEO,2021-04-01,18:55,2021-04-02,00:00,4067.31,16.0,12,RECHAZADO,2021-04-01 18:55:00,,,4.0,3.3999999999999986
MOV-01287,B-038,EVER-GLORY,R-08,MUELLE-A,MAIZ,ROTTERDAM,2024-08-10,15:00,2024-08-11,10:22,4143.27,16.2,10,DESPACHADO,2024-08-10 15:00:00,2024-08-11 10:22:00,19.366666666666667,6.199999999999999,5.699999999999999
MOV-01288,B-006,CMA-ROSARIO,R-02,MUELLE-E,HARINA,MONTEVIDEO,2024-03-21,02:30,2024-03-23,00:00,6478.92,13.5,12,EN_REVISION,2024-03-21 02:30:00,,,1.5,0.8999999999999986
MOV-01291,B-028,COSCO-TIGRE,R-04,MUELLE-D,HARINA,ROTTERDAM,2024-07-31,14:28,2024-08-02,11:11,5041.17,14.1,12,EN_REVISION,2024-07-31 14:28:00,2024-08-02 11:11:00,44.71666666666667,2.1,1.4999999999999982
MOV-01292,B-032,ZIM-DELTA,R-05,MUELLE-C,GRANOS,SHANGHAI,2023-07-21,00:16,2023-07-23,21:28,5743.41,13.6,12,PENDIENTE,2023-07-21 00:16:00,2023-07-23 21:28:00,69.2,1.5999999999999996,0.9999999999999982
MOV-01294,B-028,ZIM-DELTA,R-06,MUELLE-B,ACEITE,HAMBURG,2022-06-17,20:10,2022-06-18,14:50,3634.65,12.5,10,EN_REVISION,2022-06-17 20:10:00,2022-06-18 14:50:00,18.666666666666668,2.5,2.0
MOV-01305,B-019,HAPAG-RIO,R-05,MUELLE-C,CONTENEDORES,ROTTERDAM,2024-02-03,01:16,1900-01-01,14:39,4847.31,11.3,10,PENDIENTE,2024-02-03 01:16:00,,,1.3000000000000007,0.8000000000000007
MOV-01306,B-004,PIL-OESTE,R-08,MUELLE-B,SOJA,HAMBURG,2024-12-22,12:26,2024-12-25,19:36,6352.31,11.0,10,DESPACHADO,2024-12-22 12:26:00,2024-12-25 19:36:00,79.16666666666667,1.0,0.5
MOV-01307,B-010,EVERGREEN-02,R-04,MUELLE-D,SOJA,MONTEVIDEO,2020-12-18,05:50,2020-12-20,11:55,3843.41,14.0,12,RECHAZADO,2020-12-18 05:50:00,2020-12-20 11:55:00,54.083333333333336,2.0,1.3999999999999986
MOV-01311,B-035,ONE-PLATA,R-01,MUELLE-E,HARINA,MONTEVIDEO,2022-03-12,06:13,2022-03-14,19:57,3745.66,13.3,10,DESPACHADO,2022-03-12 06:13:00,2022-03-14 19:57:00,61.73333333333333,3.3000000000000007,2.8000000000000007
MOV-01313,B-022,ZIM-DELTA,R-07,MUELLE-F,CONTENEDORES,HAMBURG,2022-03-23,03:57,2022-03-24,00:46,5025.36,11.2,10,PENDIENTE,2022-03-23 03:57:00,2022-03-24 00:46:00,20.816666666666663,1.1999999999999993,0.6999999999999993
MOV-01315,B-027,HAPAG-RIO,R-04,MUELLE-F,CONTENEDORES,SHANGHAI,2022-04-20,20:11,2022-04-21,17:33,4917.67,12.8,10,DESPACHADO,2022-04-20 20:11:00,2022-04-21 17:33:00,21.366666666666667,2.8000000000000007,2.3000000000000007
MOV-01318,B-033,MSC-ALPHA,R-08,MUELLE-E,MAIZ,BUENOS AIRES,2024-12-27,10:11,2024-12-28,04:06,5424.68,13.9,10,PENDIENTE,2024-12-27 10:11:00,2024-12-28 04:06:00,17.916666666666668,3.9,3.4000000000000004
MOV-01325,B-017,COSCO-STAR,R-01,MUELLE-F,CONTENEDORES,ROTTERDAM,1900-01-01,17:22,2020-04-22,01:35,3935.12,18.7,15,EN_REVISION,,2020-04-22 01:35:00,,3.6999999999999993,2.95
MOV-01328,B-039,EVERGREEN-02,R-02,MUELLE-F,ACEITE,MONTEVIDEO,2021-10-14,04:04,2021-10-16,21:56,4666.58,16.5,12,PENDIENTE,2021-10-14 04:04:00,2021-10-16 21:56:00,65.86666666666666,4.5,3.899999999999999
MOV-01332,B-018,EVER-GLORY,R-07,MUELLE-B,MINERALES,SANTA FE,2024-04-09,03:09,2024-04-09,13:27,,15.3,10,DESPACHADO,2024-04-09 03:09:00,2024-04-09 13:27:00,10.3,5.300000000000001,4.800000000000001
MOV-01337,B-004,ONE-PLATA,R-01,MUELLE-E,TRIGO,HAMBURG,2022-07-08,17:19,2022-07-10,10:21,3831.95,15.0,10,DESPACHADO,2022-07-08 17:19:00,2022-07-10 10:21:00,41.03333333333333,5.0,4.5
MOV-01340,B-005,MAERSK-PAMPAS,R-02,MUELLE-A,ACEITE,SHANGHAI,2024-01-27,00:00,2024-01-28,11:58,5887.88,12.4,10,PENDIENTE,,2024-01-28 11:58:00,,2.4000000000000004,1.9000000000000004
MOV-01345,B-027,MSC-GENOVA,R-05,MUELLE-E,MAIZ,VALPARAISO,2020-05-03,02:12,2020-05-06,07:39,4067.68,13.2,12,RECHAZADO,2020-05-03 02:12:00,2020-05-06 07:39:00,77.45,1.1999999999999993,0.5999999999999979
MOV-01347,B-024,YANG-MING,R-07,MUELLE-A,CONTENEDORES,VALPARAISO,2022-01-18,20:32,2022-01-19,05:04,4717.47,16.0,12,EN_REVISION,2022-01-18 20:32:00,2022-01-19 05:04:00,8.533333333333333,4.0,3.3999999999999986
MOV-01349,B-031,COSCO-TIGRE,R-08,MUELLE-D,HARINA,HAMBURG,2021-07-15,04:22,2021-07-15,23:53,4650.64,12.3,10,PENDIENTE,2021-07-15 04:22:00,2021-07-15 23:53:00,19.516666666666666,2.3000000000000007,1.8000000000000007
MOV-01350,B-025,PIL-SANTA,R-03,MUELLE-C,TRIGO,BUENOS AIRES,2022-12-23,11:26,2022-12-26,22:43,3549.72,13.6,10,RECHAZADO,2022-12-23 11:26:00,2022-12-26 22:43:00,83.28333333333333,3.6,3.1
MOV-01352,B-023,MSC-ALPHA,R-06,MUELLE-F,MINERALES,ROTTERDAM,2021-07-10,00:00,2021-07-12,09:28,5552.86,17.5,15,RECHAZADO,,2021-07-12 09:28:00,,2.5,1.75
MOV-01353,B-004,ZIM-NORTE,R-05,MUELLE-B,CONTENEDORES,ROTTERDAM,2023-01-11,00:50,2023-01-12,20:48,5261.3,18.8,15,DESPACHADO,2023-01-11 00:50:00,2023-01-12 20:48:00,43.96666666666667,3.8000000000000007,3.0500000000000007
MOV-01354,B-032,CMA-LITORAL,R-05,MUELLE-B,HARINA,HAMBURG,2023-04-15,03:24,2023-04-16,00:00,4133.17,13.2,10,DESPACHADO,2023-04-15 03:24:00,,,3.2,2.7
MOV-01355,B-003,MSC-GENOVA,R-02,MUELLE-B,TRIGO,VALPARAISO,2021-09-05,07:11,2021-09-07,01:33,6833.61,17.6,12,DESPACHADO,2021-09-05 07:11:00,2021-09-07 01:33:00,42.36666666666667,5.600000000000001,5.0
MOV-01356,B-016,COSCO-STAR,R-02,MUELLE-E,MAIZ,HAMBURG,2021-12-15,03:05,2021-12-16,20:56,4779.89,18.6,15,DESPACHADO,2021-12-15 03:05:00,2021-12-16 20:56:00,41.85,3.6000000000000014,2.8500000000000014
MOV-01357,B-014,HAPAG-SUR,R-06,MUELLE-F,HARINA,MONTEVIDEO,2021-05-09,09:40,2021-05-11,19:28,3980.12,14.3,12,EN_REVISION,2021-05-09 09:40:00,2021-05-11 19:28:00,57.8,2.3000000000000007,1.6999999999999993
MOV-01358,B-040,YANG-ESTE,R-03,MUELLE-C,HARINA,SAO PAULO,2022-08-02,22:31,2022-08-04,20:08,6847.15,17.8,15,,2022-08-02 22:31:00,2022-08-04 20:08:00,45.61666666666667,2.8000000000000007,2.0500000000000007
MOV-01360,B-024,CMA-LITORAL,R-02,MUELLE-C,CONTENEDORES,SAO PAULO,1900-01-01,06:57,2022-01-27,10:19,4798.75,13.1,10,EN_REVISION,,2022-01-27 10:19:00,,3.1,2.6
MOV-01364,B-004,COSCO-TIGRE,,MUELLE-F,CONTENEDORES,BUENOS AIRES,2024-02-21,16:10,2024-02-24,00:00,4515.73,14.0,10,RECHAZADO,2024-02-21 16:10:00,,,4.0,3.5
MOV-01365,B-036,COSCO-TIGRE,R-06,MUELLE-A,HARINA,VALPARAISO,2024-03-09,04:39,2024-03-10,00:00,5849.2,13.4,12,EN_REVISION,2024-03-09 04:39:00,,,1.4000000000000004,0.7999999999999989
MOV-01367,B-004,MSC-ALPHA,R-05,MUELLE-A,MINERALES,BUENOS AIRES,2020-01-29,00:00,2020-01-31,10:43,7081.44,13.3,12,EN_REVISION,,2020-01-31 10:43:00,,1.3000000000000007,0.6999999999999993
MOV-01368,B-032,CMA-ROSARIO,R-02,MUELLE-E,MAIZ,MONTEVIDEO,2021-02-24,00:40,2021-02-24,03:36,4267.79,17.7,12,PENDIENTE,2021-02-24 00:40:00,2021-02-24 03:36:00,2.933333333333333,5.699999999999999,5.099999999999998
MOV-01369,B-038,PIL-SANTA,R-05,MUELLE-F,MINERALES,ROTTERDAM,2021-12-01,12:51,1900-01-01,16:40,6507.48,14.4,10,DESPACHADO,2021-12-01 12:51:00,,,4.4,3.9
MOV-01370,B-024,MSC-ALPHA,R-06,MUELLE-E,SOJA,SHANGHAI,2022-06-11,22:26,2022-06-12,13:18,3005.47,16.1,10,DESPACHADO,2022-06-11 22:26:00,2022-06-12 13:18:00,14.866666666666667,6.100000000000001,5.600000000000001
MOV-01377,B-037,ZIM-DELTA,R-07,MUELLE-D,HARINA,SAO PAULO,2023-10-20,22:12,2023-10-21,03:37,4074.92,19.5,12,RECHAZADO,2023-10-20 22:12:00,2023-10-21 03:37:00,5.416666666666667,7.5,6.899999999999999
MOV-01379,B-016,ZIMNORTE,R-07,MUELLE-D,CONTENEDORES,VALPARAISO,2022-03-07,01:47,2022-03-08,17:36,6367.57,12.9,10,RECHAZADO,2022-03-07 01:47:00,2022-03-08 17:36:00,39.81666666666667,2.9000000000000004,2.4000000000000004
MOV-01382,B-034,ONE-PARANA,R-05,MUELLE-E,GRANOS,SHANGHAI,2023-02-02,18:02,2023-02-04,11:31,4931.29,15.7,12,EN_REVISION,2023-02-02 18:02:00,2023-02-04 11:31:00,41.48333333333333,3.6999999999999993,3.099999999999998
MOV-01386,B-030,HAPAG-RIO,R-03,MUELLE-F,CONTENEDORES,HAMBURG,2021-10-05,08:06,2021-10-06,00:40,6711.15,13.2,10,EN_REVISION,2021-10-05 08:06:00,2021-10-06 00:40:00,16.566666666666666,3.2,2.7
MOV-01389,B-021,HAPAG-RIO,,MUELLE-C,MINERALES,SAO PAULO,2020-08-11,13:25,2020-08-13,06:36,1975.23,12.0,10,DESPACHADO,2020-08-11 13:25:00,2020-08-13 06:36:00,41.18333333333333,2.0,1.5
MOV-01396,B-038,ONE-PARANA,R-08,MUELLE-F,MINERALES,SANTA FE,2020-02-21,19:23,2020-02-22,20:56,7205.0,14.1,12,RECHAZADO,2020-02-21 19:23:00,2020-02-22 20:56:00,25.55,2.1,1.4999999999999982
MOV-01398,B-010,YANG-ESTE,R-01,MUELLE-A,CONTENEDORES,SHANGHAI,2020-12-05,15:59,2020-12-07,19:12,4228.3,16.4,12,DESPACHADO,2020-12-05 15:59:00,2020-12-07 19:12:00,51.21666666666667,4.399999999999999,3.799999999999997
MOV-01399,B-022,COSCO-TIGRE,R-02,MUELLE-E,CONTENEDORES,BUENOS AIRES,2020-08-18,00:51,2020-08-18,00:00,,14.9,10,RECHAZADO,2020-08-18 00:51:00,,,4.9,4.4
MOV-01407,B-010,PIL-SANTA,R-04,MUELLE-D,ACEITE,ROTTERDAM,2022-07-04,08:58,2022-07-07,00:00,,11.2,10,RECHAZADO,2022-07-04 08:58:00,,,1.1999999999999993,0.6999999999999993
MOV-01409,B-014,MAERSKLIMA,R-06,MUELLE-E,CONTENEDORES,SAO PAULO,2020-08-29,20:53,2020-08-30,08:58,5505.5,11.9,10,RECHAZADO,2020-08-29 20:53:00,2020-08-30 08:58:00,12.083333333333334,1.9000000000000004,1.4000000000000004
MOV-01412,B-005,ONE-PLATA,R-07,MUELLE-A,MINERALES,SHANGHAI,2023-06-04,09:40,2023-06-07,09:12,5301.28,13.6,12,RECHAZADO,2023-06-04 09:40:00,2023-06-07 09:12:00,71.53333333333333,1.5999999999999996,0.9999999999999982
MOV-01414,B-007,ONE-PARANA,R-06,MUELLE-C,TRIGO,MONTEVIDEO,2023-06-02,15:15,2023-06-03,09:02,4802.47,12.1,10,PENDIENTE,2023-06-02 15:15:00,2023-06-03 09:02:00,17.783333333333335,2.1,1.5999999999999996
MOV-01419,B-036,COSCO-TIGRE,R-01,MUELLE-F,CONTENEDORES,SAO PAULO,2023-09-09,16:12,2023-09-12,14:59,4823.81,12.7,12,,2023-09-09 16:12:00,2023-09-12 14:59:00,70.78333333333333,0.6999999999999993,0.0999999999999978
MOV-01422,B-038,COSCO-STAR,R-01,MUELLE-C,TRIGO,VALPARAISO,2023-03-13,15:21,2023-03-15,07:43,6536.74,13.2,12,PENDIENTE,2023-03-13 15:21:00,2023-03-15 07:43:00,40.36666666666667,1.1999999999999993,0.5999999999999979
MOV-01423,B-040,CMA-LITORAL,R-05,MUELLE-D,GRANOS,SAO PAULO,2020-05-27,15:33,2020-05-28,00:00,,13.5,10,DESPACHADO,2020-05-27 15:33:00,,,3.5,3.0
MOV-01429,B-038,HAPAG-RIO,,MUELLE-D,MINERALES,SHANGHAI,2023-08-19,05:42,2023-08-20,00:00,4898.15,13.3,12,DESPACHADO,2023-08-19 05:42:00,,,1.3000000000000007,0.6999999999999993
MOV-01430,B-036,HAPAG-SUR,,MUELLE-A,TRIGO,ROTTERDAM,2020-06-30,08:18,2020-07-01,15:52,5195.76,15.4,12,EN_REVISION,2020-06-30 08:18:00,2020-07-01 15:52:00,31.566666666666663,3.4000000000000004,2.799999999999999
MOV-01431,B-028,PIL-OESTE,R-06,MUELLE-C,MINERALES,SAO PAULO,2024-07-19,00:00,2024-07-20,00:00,2614.34,15.1,10,,,,,5.1,4.6
MOV-01432,B-019,MAERSK-LIMA,R-08,MUELLE-A,CONTENEDORES,SANTA FE,2021-02-18,00:00,2021-02-19,03:52,5338.65,13.6,12,PENDIENTE,,2021-02-19 03:52:00,,1.5999999999999996,0.9999999999999982
MOV-01434,B-031,COSCO-TIGRE,R-05,MUELLE-D,ACEITE,ROTTERDAM,2021-12-23,01:47,2021-12-23,08:55,4817.34,12.8,12,PENDIENTE,2021-12-23 01:47:00,2021-12-23 08:55:00,7.133333333333334,0.8000000000000007,0.1999999999999993
MOV-01441,B-035,ONE-PLATA,R-05,MUELLE-B,TRIGO,SANTA FE,2022-11-04,23:56,2022-11-05,14:31,4468.47,16.3,12,DESPACHADO,2022-11-04 23:56:00,2022-11-05 14:31:00,14.583333333333334,4.300000000000001,3.6999999999999993
MOV-01443,B-018,PIL-OESTE,R-02,MUELLE-F,SOJA,ROTTERDAM,2024-01-25,15:12,2024-01-27,05:34,4080.88,12.1,10,EN_REVISION,2024-01-25 15:12:00,2024-01-27 05:34:00,38.36666666666667,2.1,1.5999999999999996
MOV-01447,B-011,EVER-GLORY,R-04,MUELLE-D,MAIZ,VALPARAISO,2021-03-14,14:34,2021-03-17,09:00,4620.13,14.5,10,RECHAZADO,2021-03-14 14:34:00,2021-03-17 09:00:00,66.43333333333334,4.5,4.0
MOV-01449,B-035,ONE-PLATA,R-04,MUELLE-D,HARINA,VALPARAISO,1900-01-01,09:08,2020-03-18,18:20,5613.01,15.9,12,,,2020-03-18 18:20:00,,3.9,3.299999999999999
MOV-01452,B-026,EVER-GLORY,R-06,MUELLE-C,MINERALES,SAO PAULO,2024-05-14,00:47,2024-05-16,22:41,6167.88,14.6,10,EN_REVISION,2024-05-14 00:47:00,2024-05-16 22:41:00,69.9,4.6,4.1
MOV-01453,B-006,YANG-MING,R-04,MUELLE-B,CONTENEDORES,HAMBURG,2021-06-22,00:00,2021-06-22,00:00,2754.79,13.5,12,EN_REVISION,,,,1.5,0.8999999999999986
MOV-01458,B-003,YANG-ESTE,R-05,MUELLE-E,GRANOS,VALPARAISO,2020-04-19,14:08,2020-04-21,00:00,4936.57,14.4,12,EN_REVISION,2020-04-19 14:08:00,,,2.4000000000000004,1.799999999999999
MOV-01462,B-038,HAPAG-RIO,R-01,MUELLE-C,TRIGO,ROTTERDAM,1900-01-01,13:39,2022-12-12,02:07,6676.63,12.7,12,EN_REVISION,,2022-12-12 02:07:00,,0.6999999999999993,0.0999999999999978
MOV-01469,B-029,ZIM-NORTE,R-04,MUELLE-B,TRIGO,VALPARAISO,2020-06-11,17:32,2020-06-14,13:51,6419.97,13.7,12,PENDIENTE,2020-06-11 17:32:00,2020-06-14 13:51:00,68.31666666666666,1.6999999999999993,1.099999999999998
MOV-01473,B-016,MAERSK-LIMA,R-04,MUELLE-A,GRANOS,BUENOS AIRES,2020-12-31,02:21,2021-01-01,02:47,7107.14,14.9,10,RECHAZADO,2020-12-31 02:21:00,2021-01-01 02:47:00,24.433333333333334,4.9,4.4
MOV-01474,B-009,ONE-PARANA,R-03,MUELLE-C,CONTENEDORES,VALPARAISO,2024-06-07,12:03,2024-06-09,20:55,4669.75,12.1,10,EN_REVISION,2024-06-07 12:03:00,2024-06-09 20:55:00,56.86666666666667,2.1,1.5999999999999996
MOV-01475,B-003,MAERSK-LIMA,R-02,MUELLE-D,GRANOS,SHANGHAI,2022-05-27,23:21,2022-05-30,14:33,4770.51,16.2,15,RECHAZADO,2022-05-27 23:21:00,2022-05-30 14:33:00,63.2,1.1999999999999993,0.4499999999999993
MOV-01476,B-040,YANGESTE,R-04,MUELLE-F,MINERALES,VALPARAISO,2023-01-06,00:18,2023-01-07,08:26,4668.95,13.9,10,RECHAZADO,2023-01-06 00:18:00,2023-01-07 08:26:00,32.13333333333333,3.9,3.4000000000000004
MOV-01477,B-040,MAERSK-PAMPAS,R-05,MUELLE-F,SOJA,ROTTERDAM,2022-08-22,04:52,2022-08-23,00:00,3921.24,11.5,10,PENDIENTE,2022-08-22 04:52:00,,,1.5,1.0
MOV-01483,B-034,HAPAG-SUR,R-08,MUELLE-E,TRIGO,VALPARAISO,2020-07-11,22:27,2020-07-14,20:06,6585.96,17.1,12,RECHAZADO,2020-07-11 22:27:00,2020-07-14 20:06:00,69.65,5.100000000000001,4.5
MOV-01484,B-022,MAERSK-LIMA,R-07,MUELLE-F,MAIZ,SANTA FE,2022-02-12,04:28,2022-02-14,07:03,4149.47,15.0,10,EN_REVISION,2022-02-12 04:28:00,2022-02-14 07:03:00,50.583333333333336,5.0,4.5
MOV-01486,B-022,ONE-PLATA,R-01,MUELLE-D,CONTENEDORES,ROTTERDAM,2021-04-07,17:42,2021-04-09,23:42,3585.2,11.2,10,EN_REVISION,2021-04-07 17:42:00,2021-04-09 23:42:00,54.0,1.1999999999999993,0.6999999999999993
MOV-01487,B-001,ONE-PARANA,R-06,MUELLE-B,HARINA,BUENOS AIRES,2022-04-14,03:51,2022-04-15,16:29,2995.13,14.6,12,RECHAZADO,2022-04-14 03:51:00,2022-04-15 16:29:00,36.63333333333333,2.6,1.9999999999999984
MOV-01492,B-025,ONE-PARANA,,MUELLE-F,HARINA,SHANGHAI,2024-04-28,23:14,2024-04-30,10:46,4693.24,11.4,10,EN_REVISION,2024-04-28 23:14:00,2024-04-30 10:46:00,35.53333333333333,1.4000000000000004,0.9000000000000004
MOV-01493,B-032,EVERGREEN-02,R-04,MUELLE-A,MAIZ,ROTTERDAM,2024-04-01,01:50,2024-04-02,12:00,4781.9,15.9,15,DESPACHADO,2024-04-01 01:50:00,2024-04-02 12:00:00,34.166666666666664,0.9000000000000004,0.1500000000000003
