,movimiento_id,buque_id,matricula,radar_id,muelle,tipo_carga,origen,fecha_ingreso,hora_ingreso,fecha_egreso,hora_egreso,tonelaje_declarado,velocidad_ingreso,velocidad_maxima_muelle,estado_despacho,datetime_ingreso,datetime_egreso,duracion_horas,exceso_velocidad_real,exceso_velocidad
count,474,474,474,453,474,474,474,474,474,474,474,447.0,474.0,474.0,459,432,398,365.0,474.0,474.0
unique,474,40,31,8,6,8,8,410,379,412,357,,,,4,432,398,,,
top,MOV-00005,B-011,COSCO-TIGRE,R-07,MUELLE-D,CONTENEDORES,VALPARAISO,1900-01-01,00:00,1900-01-01,00:00,,,,DESPACHADO,2024-05-13 16:58:00,2024-05-13 02:16:00,,,
freq,1,19,32,71,87,71,71,13,29,9,68,,,,123,1,1,,,
mean,,,,,,,,,,,,5035.174541387025,14.24198312236287,11.208860759493671,,,,39.64493150684931,3.033122362869199,2.4726793248945143
std,,,,,,,,,,,,1283.7178116539399,2.0990154421425826,1.502867438835051,,,,22.35141860481379,1.782704064626501,1.7986715189556692
min,,,,,,,,,,,,1422.1,10.6,10.0,,,,-15.666666666666666,0.5999999999999996,0.0500000000000007
25%,,,,,,,,,,,,4088.69,12.8,10.0,,,,20.816666666666663,1.5,0.9999999999999982
50%,,,,,,,,,,,,5021.5,14.0,10.0,,,,40.36666666666667,2.7500000000000004,2.2
75%,,,,,,,,,,,,5981.719999999999,15.7,12.0,,,,57.8,4.199999999999999,3.6749999999999994
max,,,,,,,,,,,,8552.11,20.2,15.0,,,,88.2,9.7,9.2
